_u3_cell_cycle_DIGT_q1_DNA_rep_stage,dna
_u3_cell_cycle_DIGT_q2_interphase,cell
_u3_cell_cycle_DIGT_q3_daughter_cells,cells
_u3_cell_cycle_DIGT_q4_growing_stage,cell
_u3_cell_cycle_DIGT_q5_DNA_check_stage,cell
cells_and_chromosomes_quiz_cells_and_chromosomes_modquiz_pool_q10,dna
cells_and_chromosomes_quiz_cells_and_chromosomes_modquiz_pool_q11,dna
cells_and_chromosomes_quiz_cells_and_chromosomes_modquiz_pool_q12,cell
cells_and_chromosomes_quiz_cells_and_chromosomes_modquiz_pool_q13,cell
cells_and_chromosomes_quiz_cells_and_chromosomes_modquiz_pool_q14,cells
cells_and_chromosomes_quiz_cells_and_chromosomes_modquiz_pool_q15,cell
cells_and_chromosomes_quiz_cells_and_chromosomes_modquiz_pool_q16,cell
cells_and_chromosomes_quiz_cells_and_chromosomes_modquiz_pool_q17,cell
cells_and_chromosomes_quiz_cells_and_chromosomes_modquiz_pool_q18,cell
cells_and_chromosomes_quiz_cells_and_chromosomes_modquiz_pool_q19,cell
cells_and_chromosomes_quiz_cells_and_chromosomes_modquiz_pool_q1,cell
cells_and_chromosomes_quiz_cells_and_chromosomes_modquiz_pool_q2,cell
cells_and_chromosomes_quiz_cells_and_chromosomes_modquiz_pool_q3,cells
cells_and_chromosomes_quiz_cells_and_chromosomes_modquiz_pool_q4,cells
cells_and_chromosomes_quiz_cells_and_chromosomes_modquiz_pool_q5,cells
cells_and_chromosomes_quiz_cells_and_chromosomes_modquiz_pool_q6,cells
cells_and_chromosomes_quiz_cells_and_chromosomes_modquiz_pool_q7,cells
cells_and_chromosomes_quiz_cells_and_chromosomes_modquiz_pool_q8,cells
cells_and_chromosomes_quiz_cells_and_chromosomes_modquiz_pool_q9,dna
inline_DNA_structure_at_replication_DIGT_q1,dna
inline_DNA_structure_at_replication_DIGT_q2_m_phase,cell
inline_cell_repl_counting_chromosomes_q1,cells
inline_cell_repl_counting_chromosomes_q2,cells
inline_cell_repl_counting_chromosomes_q3,cell
inline_cell_repl_counting_chromosomes_q4,cell
inline_cell_repl_counting_chromosomes_DIGT_q1,cells
inline_cell_repl_counting_chromosomes_DIGT_q2,cells
inline_cell_repl_counting_chromosomes_DIGT_q3,cell
inline_cell_repl_counting_chromosomes_DIGT_q4,cell
inline_chromosome_regions_DIGT_q1,difference
inline_chromosome_regions_DIGT_q2,difference
inline_chromosome_regions_DIGT_q3_chromatids,difference
inline_chromosome_regions_DIGT_q4_centromeres,difference
inline_chromosomes_LBD_q1,cell
inline_chromosomes_LBD_q2,difference
inline_chromosomes_LBD_q3,difference
inline_distinguish_cell_type_DIGT_q1,cell
inline_distinguish_cell_type_DIGT_q2,cells
inline_distinguish_cell_type_DIGT_q3_somatic_cells,cells
inline_distinguish_cell_type_DIGT_q4_gametes,cells
inline_gamete_cells_function_LBD_q1,cells
inline_gamete_cells_function_LBD_q2,cells
inline_gamete_cells_function_LBD_q3,cells
inline_gamete_cells_function_LBD_q4,cell
inline_gamete_cells_function_LBD_q5,cell
_u3_cell_structure_functions_DIGT_q1,proteins
_u3_cell_structure_functions_DIGT_q2,difference
dynadrop_assessment_punnett_q1_cap,difference
dynadrop_assessment_punnett_q1_cap,difference
dynadrop_assessment_punnett_q1_cap,difference
dynadrop_assessment_punnett_q1_small,difference
dynadrop_assessment_punnett_yr_q1_2cap,difference
dynadrop_assessment_punnett_yr_q1_2cap,difference
dynadrop_assessment_punnett_yr_q1_2cap,difference
dynadrop_assessment_punnett_yr_q1_2cap,difference
dynadrop_assessment_punnett_yr_q1_2small,difference
dynadrop_assessment_punnett_yr_q1_2small,difference
dynadrop_assessment_punnett_yr_q1_2small,difference
dynadrop_assessment_punnett_yr_q1_2small,difference
dynadrop_assessment_punnett_yr_q1_capSmall,difference
dynadrop_assessment_punnett_yr_q1_capSmall,difference
dynadrop_assessment_punnett_yr_q1_capSmall,difference
dynadrop_assessment_punnett_yr_q1_capSmall,difference
dynadrop_assessment_punnett_yr_q1_capSmall,difference
dynadrop_assessment_punnett_yr_q1_capSmall,difference
dynadrop_assessment_punnett_yr_q1_capSmall,difference
dynadrop_assessment_punnett_yr_q1_capSmall,difference
genetics_heredity_albino_digt_q1,difference
genetics_heredity_albino_digt_q2,difference
genetics_heredity_cell_division_digt_q1,cells
genetics_heredity_cell_division_digt_q2,difference
genetics_heredity_cells_LBD_q1,cell
genetics_heredity_cells_LBD_q2,cell
genetics_heredity_cells_LBD2_q1,cells
genetics_heredity_chromosome_digt_q1,following
genetics_heredity_chromosome_digt_q2,difference
genetics_heredity_chromosome_digt_q3,difference
genetics_heredity_chromosome_digt_q4,difference
genetics_heredity_cystic_q1,proteins
genetics_heredity_dihybrid_lbd_q1_y,difference
genetics_heredity_dihybrid_lbd_q2_y,difference
genetics_heredity_dihybrid_lbd_q3_g,difference
genetics_heredity_dihybrid_lbd_q4_g,difference
genetics_heredity_flowers_LBD_q1,difference
genetics_heredity_flowers_LBD_q2,difference
genetics_heredity_flowers_LBD3_q1,cell
genetics_heredity_geno_pheno_digt_q1,difference
genetics_heredity_geno_pheno_digt_q2_segr_law,difference
genetics_heredity_geno_pheno_digt_q3_prediction,difference
genetics_heredity_heteroxygous_digt_q1,cell
genetics_heredity_heterozygous_text_q1,difference
genetics_heredity_heterozygous_text_q2,difference
genetics_heredity_independent_assortment_lbd_q1,difference
genetics_heredity_independent_assortment_lbd_q2,difference
genetics_heredity_independent_assortment_lbd_q3,difference
genetics_heredity_independent_assortment_lbd_q4,difference
genetics_heredity_meiosis_digt_q1,cell
genetics_heredity_meiosis_digt_q2,cell
genetics_heredity_meiosis_digt_q3,cells
genetics_heredity_meiosis_digt_q4,cells
genetics_heredity_meiosis_digt_q5,cell
genetics_heredity_meiosis_digt_q6,cell
genetics_heredity_meiosis_lbd_q1,cells
genetics_heredity_mendells_contribution_SC_g1_qsub,difference
genetics_heredity_punnett_lbd_q1,difference
genetics_heredity_punnett_lbd_q2,difference
genetics_heredity_quiz_genetics_heredity_pool_q10,difference
genetics_heredity_quiz_genetics_heredity_pool_q11,species
genetics_heredity_quiz_genetics_heredity_pool_q12,term
genetics_heredity_quiz_genetics_heredity_pool_q13,difference
genetics_heredity_quiz_genetics_heredity_pool_q14,cells
genetics_heredity_quiz_genetics_heredity_pool_q15,difference
genetics_heredity_quiz_genetics_heredity_pool_q17,cell
genetics_heredity_quiz_genetics_heredity_pool_q18,cell
genetics_heredity_quiz_genetics_heredity_pool_q19,difference
genetics_heredity_quiz_genetics_heredity_pool_q1,term
genetics_heredity_quiz_genetics_heredity_pool_q20,difference
genetics_heredity_quiz_genetics_heredity_pool_q21,difference
genetics_heredity_quiz_genetics_heredity_pool_q22,difference
genetics_heredity_quiz_genetics_heredity_pool_q23_beans,following
genetics_heredity_quiz_genetics_heredity_pool_q24_beans,difference
genetics_heredity_quiz_genetics_heredity_pool_q25,cells
genetics_heredity_quiz_genetics_heredity_pool_q26,cell
genetics_heredity_quiz_genetics_heredity_pool_q27,species
genetics_heredity_quiz_genetics_heredity_pool_q2,difference
genetics_heredity_quiz_genetics_heredity_pool_q3,following
genetics_heredity_quiz_genetics_heredity_pool_q4,cell
genetics_heredity_quiz_genetics_heredity_pool_q5,following
genetics_heredity_quiz_genetics_heredity_pool_q6_tongue,following
genetics_heredity_quiz_genetics_heredity_pool_q7_tongue,difference
genetics_heredity_quiz_genetics_heredity_pool_q8_tongue,difference
genetics_heredity_quiz_genetics_heredity_pool_q9,difference
genetics_heredity_spaniels_digt_q1,difference
genetics_heredity_spaniels_digt_q2,difference
genetics_heredity_two_traits_digt_q1,following
cell_division_meiosis_quiz_cell_division_meiosis_quiz_pool_q10,cells
cell_division_meiosis_quiz_cell_division_meiosis_quiz_pool_q1,cells
cell_division_meiosis_quiz_cell_division_meiosis_quiz_pool_q2,following
cell_division_meiosis_quiz_cell_division_meiosis_quiz_pool_q3,cell
cell_division_meiosis_quiz_cell_division_meiosis_quiz_pool_q4,cell
cell_division_meiosis_quiz_cell_division_meiosis_quiz_pool_q5,cells
cell_division_meiosis_quiz_cell_division_meiosis_quiz_pool_q6,cells
cell_division_meiosis_quiz_cell_division_meiosis_quiz_pool_q7,difference
cell_division_meiosis_quiz_cell_division_meiosis_quiz_pool_q8,difference
cell_division_meiosis_quiz_cell_division_meiosis_quiz_pool_q9,cells
inline_meiosis-1_asexual_cell_division_q1,cell
inline_meiosis-1_asexual_cell_division_q2,cell
inline_meiosis-2_sex_vs_asex_DIGT_q1,difference
inline_meiosis-2_sex_vs_asex_DIGT_q2,cell
inline_meiosis-3_mitosis_vs_meiosis_LBD_q1,cells
inline_meiosis-3_mitosis_vs_meiosis_LBD_q2,cell
inline_meiosis-3_mitosis_vs_meiosis_LBD_q3,cell
inline_meiosis-3_mitosis_vs_meiosis_LBD_q4,cell
inline_meiosis-3_mitosis_vs_meiosis_LBD_q5,cell
inline_meiosis-5_daughter-cells_LBD_q1,cell
inline_meiosis-5_daughter-cells_LBD_q2,cell
inline_meiosis-6_telophase_LBD_q1,cell
inline_meiosis-6_telophase_LBD_q2_nbr_chromosomes_chromosome,difference
inline_meiosis-6_telophase_LBD_q3_genetic_variability,following
inline_meiosis-6_telophase_LBD_q4_chromatids_separated,cells
inline_meiosis-7_non-disjunct_DIGT_q1,difference
inline_meiosis-8_importance_DIGT_q1,following
cell_div_mitosis_quiz_cell_div_mitosis_quiz_pool_q1,following
cell_div_mitosis_quiz_cell_div_mitosis_quiz_pool_q2,cells
cell_div_mitosis_quiz_cell_div_mitosis_quiz_pool_q3,cell
cell_div_mitosis_quiz_cell_div_mitosis_quiz_pool_q4,cell
cell_div_mitosis_quiz_cell_div_mitosis_quiz_pool_q5,following
cell_div_mitosis_quiz_cell_div_mitosis_quiz_pool_q6,cell
cell_div_mitosis_quiz_cell_div_mitosis_quiz_pool_q7,carbons
cell_div_mitosis_quiz_cell_div_mitosis_quiz_pool_q8,cell
inline_cell_cycle_irregular_cancer_q1,difference
inline_cell_cycle_irregular_cancer_q2,difference
inline_cell_cycle_irregular_cancer_q3,difference
inline_cell_repl_mitosis_function_q1,cell
inline_cell_repl_predict_genes_DIGT_q1,cell
inline_cell_repl_predict_genes_DIGT_q2,cell
inline_cell_repl_predict_genes_DIGT_q3,cell
inline_cell_repl_predict_genes_DIGT_q4,cell
inline_cell_structures_and_function_q1,following
inline_cell_structures_and_function_q2,difference
inline_cell_structures_and_function_q3,cell
inline_m1_prophase_LBD_q1,cell
inline_m1_prophase_LBD_q2,cell
inline_m1_prophase_function_DIGT_q1,difference
inline_m1_prophase_function_DIGT_q2,difference
inline_m1_prophase_function_DIGT_q3,difference
inline_m2_metaphase_LBD_q1,following
inline_m3_anaphase_function_DIGT_q1,cell
inline_m3_anaphase_function_DIGT_q2,cell
inline_m4_telophase_DIGT_q1,cells
inline_mitosis_phases_DIGT_q1,cell
inline_mitosis_phases_DIGT_q2,difference
inline_mitosis_phases_DIGT_q3,acids
inline_mitosis_phases_DIGT_q4,difference
inline_na_DNA_role_q1_RNA_primary_function,organisms
inline_na_DNA_role_q2_DNA_makes_what_process,dna
inline_na_DNA_role_q2_DNA_makes_what,dna
inline_na_DNA_role_q3_number_of_bases_to_code_amino_acid,acids
molecular_genes_BCRA_digt_q1,following
molecular_genes_codons_digt_q1,proteins
molecular_genes_codons_digt_q2,proteins
molecular_genes_codons_digt_q3,acids
molecular_genes_codons_digt_q4,following
molecular_genes_codons_digt_q5,acids
molecular_genes_codons_lbd_q1,acids
molecular_genes_codons_lbd_q2,acids
molecular_genes_codons_lbd_q3,acids
molecular_genes_codons_lbd_q4,acids
molecular_genes_mutation_digt_q1,term
molecular_genes_mutation_digt_q2,acids
molecular_genes_mutation_lbd_q1,dna
molecular_genes_mutation_lbd_q2,acids
molecular_genes_mutation_lbd_q3,dna
molecular_genes_mutation_lbd_q4,species
molecular_genes_mutation_lbd_q5,dna
molecular_genes_mutation_lbd_q6,species
molecular_genes_mutation_lbd_q7,proteins
molecular_genes_mutation_lbd_q8,species
molecular_genes_quiz_molecular_genes_m2quiz_pool_q10,acids
molecular_genes_quiz_molecular_genes_m2quiz_pool_q1,difference
molecular_genes_quiz_molecular_genes_m2quiz_pool_q2,cell
molecular_genes_quiz_molecular_genes_m2quiz_pool_q3,dna
molecular_genes_quiz_molecular_genes_m2quiz_pool_q4,proteins
molecular_genes_quiz_molecular_genes_m2quiz_pool_q5,following
molecular_genes_quiz_molecular_genes_m2quiz_pool_q6,acids
molecular_genes_quiz_molecular_genes_m2quiz_pool_q7,difference
molecular_genes_quiz_molecular_genes_m2quiz_pool_q8,cells
molecular_genes_quiz_molecular_genes_m2quiz_pool_q9,acids
molecular_genes_replication_lbd_q1_rep,difference
molecular_genes_replication_lbd_q2_rep,difference
molecular_genes_replication_lbd_q3_rep,difference
molecular_genes_replication_lbd_q4_rep,difference
molecular_genes_replication_lbd_q5,following
molecular_genes_replication_lbd_q5_rep,difference
molecular_genes_transcription_compare_digt_q10,dna
molecular_genes_transcription_compare_digt_q11,dna
molecular_genes_transcription_compare_digt_q1,dna
molecular_genes_transcription_compare_digt_q2,dna
molecular_genes_transcription_compare_digt_q3,acids
molecular_genes_transcription_compare_digt_q4,difference
molecular_genes_transcription_compare_digt_q5,difference
molecular_genes_transcription_compare_digt_q6,dna
molecular_genes_transcription_compare_digt_q7,dna
molecular_genes_transcription_compare_digt_q8,enzymes
molecular_genes_transcription_compare_digt_q9,enzymes
molecular_genes_types_digt_q1,species
nucleic_acid_building_protein_LBD_q1,following
nucleic_acid_building_protein_LBD_q2,dna
nucleic_acid_building_protein_LBD_q3,dna
nucleic_acid_building_protein_LBD_q4,acids
nucleic_acids_building_protein_DIGT_q1,acids
nucleic_acids_building_protein_DIGT_q2,acids
nucleic_acids_building_protein_DIGT_q3,acids
CRP_lbd_q1,dna
CRP_lbd_q2,dna
genetics_gene_regulation_quiz_genetics_molecular_gene_regulation_pool_q10,dna
genetics_gene_regulation_quiz_genetics_molecular_gene_regulation_pool_q11,difference
genetics_gene_regulation_quiz_genetics_molecular_gene_regulation_pool_q12,difference
genetics_gene_regulation_quiz_genetics_molecular_gene_regulation_pool_q13,proteins
genetics_gene_regulation_quiz_genetics_molecular_gene_regulation_pool_q1,following
genetics_gene_regulation_quiz_genetics_molecular_gene_regulation_pool_q2,following
genetics_gene_regulation_quiz_genetics_molecular_gene_regulation_pool_q3,proteins
genetics_gene_regulation_quiz_genetics_molecular_gene_regulation_pool_q4,cell
genetics_gene_regulation_quiz_genetics_molecular_gene_regulation_pool_q5,difference
genetics_gene_regulation_quiz_genetics_molecular_gene_regulation_pool_q6,cell
genetics_gene_regulation_quiz_genetics_molecular_gene_regulation_pool_q7,cell
genetics_gene_regulation_quiz_genetics_molecular_gene_regulation_pool_q8,cell
genetics_gene_regulation_quiz_genetics_molecular_gene_regulation_pool_q9,following
glucose_lactose_digt_q1_gluc_lac_A,dna
glucose_lactose_digt_q1_gluc_lac_B,dna
glucose_lactose_digt_q1_gluc_lac_C,dna
glucose_lactose_digt_q2_gluc_lac_A_gl,dna
glucose_lactose_digt_q2_gluc_lac_B_gl,dna
glucose_lactose_digt_q2_gluc_lac_C_gl,dna
glucose_lactose_digt_q3_gluc_lac_A_gl,dna
glucose_lactose_digt_q3_gluc_lac_B_gl,dna
glucose_lactose_digt_q3_gluc_lac_C_gl,dna
glucose_lactose_digt_q4_gluc_lac_A_gl,dna
glucose_lactose_digt_q4_gluc_lac_B_gl,dna
glucose_lactose_digt_q4_gluc_lac_C_gl,dna
molecular_structure_on_off_digt_q1,require energy
molecular_structure_on_off_digt_q2,difference
molecular_structure_on_off_digt_q3,difference
operon_lbd_q1,proteins
operon_lbd_q2,proteins
operon_lbd_q3,dna
operon_lbd_q4,following
operon_lbd_q5,proteins
prokaryotic_vs_eukaryotic_digt_q1,dna
prokaryotic_vs_eukaryotic_digt_q2,dna
prokaryotic_vs_eukaryotic_digt_q3,dna
prokaryotic_vs_eukaryotic_digt_q4,dna
prokaryotic_vs_eukaryotic_digt_q5,dna
protein_coding_gene_parts_digt_q1,following
repressor_digt_q1_rep_A,difference
repressor_digt_q1_rep_B,difference
repressor_digt_q2_rep_A_rep,difference
repressor_digt_q2_rep_B_rep,difference
tryptophan2_digt_q1,following
tryptophan_digt_q1,cell
what_affects_phenotype_digt_q1,enzymes
whats_a_gene_digt_q1,following
whats_a_gene_digt_q2,following
a2_HS-AWB-01_bonding-02,electrons
a2_HS-AWB-01_bonding-03,electrons
a2_HS-AWB-01_bonding-04,water molecules form hydrogen bonds
a2_HS-AWB-01_bonding-05,water molecules form hydrogen bonds
a2_HS-AWB-01_bonding-06,electrons
a2_HS-AWB-01_bonding-07,molecules
a2_HS-AWB-01_bonding-08,molecules
a2_HS-AWB-01_bonding-09,molecules
a2_HS-AWB-01_bonding-10,molecules
a2_HS-AWB-01_bonding-11,electrons
a2_HS-AWB-01_bonding-12,following
a2_HS-AWB-01_bonding-13,water molecules form hydrogen bonds
a2_HS-AWB-01_bonding-14,following
a2_HS-AWB-01_bonding-15,electrons
a2_HS-AWB-01_bonding-17,carbons
a2_HS-AWB-01_water-01,water molecules form hydrogen bonds
a2_HS-AWB-01_water-02,water molecules form hydrogen bonds
a2_HS-AWB-01_water-03,water molecules form hydrogen bonds
a2_HS-AWB-01_water-04,difference
a2_HS-AWB-01_water-05,water molecules form hydrogen bonds
a2_HS-AWB-01_water-06,water molecules form hydrogen bonds
a2_HS-AWB-01_water-07,water molecules form hydrogen bonds
a2_HS-AWB-01_water-08,water molecules form hydrogen bonds
atoms_glucose_mass_number_bonds,difference
atoms_nitrogen_mass_mass_glucose,carbons
atoms_nitrogen_mass_nitrogen_mass,electrons
atoms_nitrogen_mass_nitrogen_mass,electrons
atoms_nitrogen_mass_nitrogen_mass,electrons
biology_diagram_biologyPH1_q1_biologyPH1,difference
bonding_chiral_chloro_fluoro_bromo_methane_Chiral_centers_cl_f_br_methane_1,carbons
bonding_chiral_chloro_fluoro_methane_Chiral_centers_cl_f_methane_1,carbons
bonding_chiral_chloro_fluoro_methane_chiral_centers_cl_f_methane_2,molecules
bonding_chiral_glyceraldehyde_Chiral_centers_glyceraldehyde,carbons
bonding_chiral_thr_Chiral_centers_thr,acids
bonding_geometry1_bonding_geometry_1,carbons
bonding_geometry1_bonding_geometry_2,difference
bonding_geometry1_bonding_geometry_3,carbons
bonding_geometry1_bonding_geometry_4,difference
bonding_response_bonding_response_q1_bonding_response,proteins
inline_atoms_only_q1,electrons
inline_atoms_only_q2,electrons
inline_atoms_only_q3,following
inline_atoms_only_q4,electrons
inline_atoms_only_q6,carbons
inline_bonding_only_q1,water molecules form hydrogen bonds
inline_bonding_only_q2,following
inline_bonding_only_q3,electrons
inline_func_groups_q0,groups
inline_func_groups_q0,groups
inline_func_groups_q1,groups
inline_func_groups_q2,groups
inline_func_groups_q3,following
inline_water_only_q1,water molecules form hydrogen bonds
inline_water_only_q2,water molecules form hydrogen bonds
inline_water_only_q3,electrons
water_1_water_1_properties_water_1,water molecules form hydrogen bonds
water_structure_water_elements,proteins
water_structure_water_structure_representation1,water molecules form hydrogen bonds
biochem_atoms_protons_DIGT_q1_protons,electrons
biochem_atoms_protons_DIGT_q2_electrons,following
biochem_atoms_protons_DIGT_q3_neutrons,electrons
biochem_bonding_H_bonds-defined_LBD_q1,electrons
biochem_bonding_H_bonds_DIGT1_q1,molecules
biochem_bonding_H_bonds_DIGT1_q2,electrons
biochem_bonding_Hydrogen_bonds_LBD_q1,electrons
biochem_bonding_ammonia_DIGT_q1,following
biochem_bonding_covalent_DIGT_q1,electrons
biochem_bonding_covalent_DIGT_q2,electrons
biochem_bonding_covalent_DIGT_q3,electrons
biochem_bonding_electron_LBD_q1,following
biochem_bonding_electron_LBD_q2,following
biochem_bonding_electron_LBD_q3,following
biochem_bonding_interact_DIGT_q1,electrons
biochem_bonding_ionic_LBD2_q1,membrane
biochem_bonding_ionic_LBD2_q2,difference
biochem_bonding_ionic_LBD2_q3,electrons
biochem_bonding_molec_form_LBD_q1,carbons
biochem_bonding_molec_form_LBD_q2,electrons
biochem_bonding_molec_form_LBD_q3,electrons
biochem_bonding_molec_formula_DIGT_q1,carbons
biochem_bonding_quiz_biochem_chemical_bonds_pool_q12,electrons
biochem_bonding_quiz_biochem_chemical_bonds_pool_q13,electrons
biochem_bonding_quiz_biochem_chemical_bonds_pool_q14,electrons
biochem_bonding_quiz_biochem_chemical_bonds_pool_q15,difference
biochem_bonding_quiz_biochem_chemical_bonds_pool_q16,electrons
biochem_bonding_quiz_biochem_chemical_bonds_pool_q17,carbons
biochem_bonding_quiz_biochem_chemical_bonds_pool_q1,electrons
biochem_bonding_quiz_biochem_chemical_bonds_pool_q2,electrons
biochem_bonding_quiz_biochem_chemical_bonds_pool_q3,carbons
biochem_bonding_quiz_biochem_chemical_bonds_pool_q4,electrons
biochem_bonding_quiz_biochem_chemical_bonds_pool_q5,water molecules form hydrogen bonds
biochem_bonding_quiz_biochem_chemical_bonds_pool_q6,water molecules form hydrogen bonds
biochem_bonding_quiz_biochem_chemical_bonds_pool_q7,molecules
biochem_bonding_quiz_biochem_chemical_bonds_pool_q8,difference
biochem_bonding_quiz_biochem_chemical_bonds_pool_q9,electrons
biochem_bonding_saltwater_submit_DIGT_q1,water molecules form hydrogen bonds
biochem_bonding_types_DIGT_q1,electrons
biochem_bonding_types_DIGT_q2,carbons
biochem_lipids_quiz_lipids_pool_a2_q10,acids
biochem_lipids_quiz_lipids_pool_a2_q11,water molecules form hydrogen bonds
biochem_lipids_quiz_lipids_pool_a2_q12,require energy
biochem_lipids_quiz_lipids_pool_a2_q13,difference
biochem_lipids_quiz_lipids_pool_a2_q14,water molecules form hydrogen bonds
biochem_lipids_quiz_lipids_pool_a2_q15,acids
biochem_lipids_quiz_lipids_pool_a2_q16,acids
biochem_lipids_quiz_lipids_pool_a2_q17,acids
biochem_lipids_quiz_lipids_pool_a2_q18,acids
biochem_lipids_quiz_lipids_pool_a2_q19,cell
biochem_lipids_quiz_lipids_pool_a2_q1,acids
biochem_lipids_quiz_lipids_pool_a2_q2,acids
biochem_lipids_quiz_lipids_pool_a2_q3,acids
biochem_lipids_quiz_lipids_pool_a2_q4,acids
biochem_lipids_quiz_lipids_pool_a2_q5,membrane
biochem_lipids_quiz_lipids_pool_a2_q6,molecules
biochem_lipids_quiz_lipids_pool_a2_q7,membrane
inline_janes_cholesterol_levels_sc_q1_cholesterol_levels_findings,term
inline_lipids_characteristic_lipid-MB-08,following
inline_lipids_cholesterol_q1_lipids_cholesterol,following
inline_lipids_cholesterol_q2_lipids_steriods,following
inline_lipids_fatty_acids_DIGT_q1_saturated_fats,following
inline_lipids_fatty_acids_DIGT_q2_heart_disease_risk,difference
inline_lipids_fatty_acids_characteristics_q1_cc_double_bond,carbons
inline_lipids_fatty_acids_characteristics_q2_glycerol,acids
inline_lipids_fatty_acids_characteristics_q3_energy_sotrage,require energy
inline_lipids_fatty_acids_characteristics_q4_bent_carbon_chains,carbons
inline_lipids_fatty_acids_characteristics_q5_room_temperature,enzymes
inline_lipids_fatty_acids_characteristics_q6_called_oils,difference
inline_lipids_fatty_acids_hydrogenation_q1_vegetable_oil,difference
inline_lipids_fatty_acids_hydrogenation_q2_chemical_level,molecules
inline_lipids_id_examples_q1_steroid,membrane
inline_lipids_id_examples_q2_fats_oils,molecules
inline_lipids_id_examples_q3_phospholipid,membrane
inline_lipids_key_characteristic_q1_lipid_key_characteristic,molecules
inline_lipids_phospholipids_structure_q1_sphere,difference
inline_lipids_phospholipids_structure_q2_yellow_lines,difference
inline_lipids_phospholipids_structure_q3_location_of_water,water molecules form hydrogen bonds
inline_lipids_phospholipids_structure_q4_cell_inside,cell
inline_lipids_wax_structure_q1,molecules
inline_lipids_wax_structure_q2,following
inline_phospholipid_fatty_acids_cold_climates_q1_cold_climate,membrane
lipids_hydrophobic_v1_phospholipid_hyrdophobic,water molecules form hydrogen bonds
_u3_cell_membrane_fluidity_LBD_q1_prokaryote_membrane_fluidity,cell
_u3_cell_membrane_fluidity_LBD_q2_bacteria_membrane_fluidity,cell
_u3_m2_fluid_mosaics_DIGT__u3_m2_flued_mosaics_DIGT_q1,cell
_u3_m2_fluid_mosaics_DIGT__u3_m2_flued_mosaics_DIGT_q2,following
_u3_m2_fluid_mosaics_DIGT__u3_m2_flued_mosaics_DIGT_q3,molecules
cell_membrane_quiz_cell_membrane_pool_a2_q1,membrane
cell_membrane_quiz_cell_membrane_pool_a2_q2,molecules
cell_membrane_quiz_cell_membrane_pool_a2_q3,membrane
cell_membrane_quiz_cell_membrane_pool_a2_q4a,membrane
cell_membrane_quiz_cell_membrane_pool_a2_q5a,membrane
cell_membrane_quiz_cell_membrane_pool_a2_q6a,membrane
cell_membrane_quiz_cell_membrane_pool_a2_q7,membrane
cell_membrane_quiz_cell_membrane_pool_a2_q8,cells
inline_phospholipid_bilayer_q1_transport_needed,membrane
inline_phospholipid_bilayer_q2_oxygen_concentration,cells
u3_m2_macro_and_function_LBD_q1_entire,cell
u3_m2_macro_and_function_LBD_q1,cell
u3_m2_macro_and_function_LBD_q1_inner_edge,cell
u3_m2_macro_and_function_LBD_q1_integral,cell
u3_m2_macro_and_function_LBD_q1_membrane,cell
u3_m2_macro_and_function_LBD_q1_outer_edge,cell
u3_m2_macro_and_function_LBD_q1_peripheral,cell
u3_m2_macro_and_function_LBD_q1,cell
u4_archaean_cell_membrane_func_DIGT_q1,membrane
u4_archaean_cell_membrane_func_DIGT_q2,cell
u4_bacteria_parts_LBD_q1,difference
u4_bacteria_parts_LBD_q2,difference
u4_bacteria_parts_LBD_q3,membrane
a2_HS-metab-energetics_energetics_q1,require energy
a2_HS-metab-energetics_energetics_q2,require energy
a2_HS-metab-energetics_energetics_q3,require energy
a2_HS-metab-energetics_energetics_q5,following
a2_HS-metab-energetics_energetics_q6,following
a2_HS-metab-energetics_energetics_q7,require energy
a2_HS-metab-energetics_energetics_q8,require energy
inline_digit-metabolism_coupling_meta_coupling_01,cell
inline_digit-metabolism_coupling_meta_coupling_02,require energy
inline_digit-metabolism_coupling_meta_coupling_03,require energy
inline_digit-metabolism_energy_metab-energy_01,require energy
inline_digit-metabolism_energy_metab-energy_02,molecules
inline_digit-metabolism_energy_metab-energy_03,require energy
inline_digit-metabolism_energy_metab-energy_04,require energy
inline_digit-metabolism_redox_metab_redox_01,following
inline_digit-metabolism_redox_metab_redox_02,enzymes
inline_digit-metabolism_redox_metab_redox_03,following
inline_digit-metabolism_redox_metab_redox_04,require energy
inline_digit-metabolism_redox_metab_redox_05,acids
inline_digit-metabolism_thermo_metab-thermo_01,require energy
inline_digit-metabolism_thermo_metab-thermo_02,following
inline_digit-metabolism_thermo_metab-thermo_03,following
inline_digit-metabolism_thermo_metab-thermo_04,require energy
a2_HS-pathway_regulation_pathways_q0,enzymes
a2_HS-pathway_regulation_pathways_q1,enzymes
a2_HS-pathway_regulation_pathways_q2,enzymes
a2_HS-pathway_regulation_pathways_q3,enzymes
a2_HS-pathway_regulation_pathways_q4,enzymes
a2_HS-pathway_regulation_pathways_q5,enzymes
a2_HS-pathway_regulation_pathways_q6,proteins
inline_digit-intrometabolism_intro_met_01,require energy
inline_digit-intrometabolism_intro_met_02,require energy
inline_digit-intrometabolism_intro_met_03,require energy
inline_digit-metabolism-regulation_metab-regul-01,require energy
inline_digit-metabolism-regulation_metab-regul-02,following
inline_digit-metabolism-regulation_metab-regul-03,enzymes
inline_digit-metabolism-regulation_metab-regul-04,enzymes
inline_digit-metabolism-regulation_metab-regul-05,enzymes
inline_l30_metreg_inhibitor_q3,enzymes
inline_l30_metreg_regulation_mcq_30_q01,following
inline_l30_metreg_regulation_mcq_30_q06,enzymes
inline_l30_metreg_regulation_mcq_30_q07,enzymes
regulation_response_regulation_response_q1_regulation_response,enzymes
dynadrop_assessment_PCR_q1,difference
dynadrop_assessment_PCR_q1,difference
dynadrop_assessment_PCR_q1,difference
dynadrop_assessment_PCR_q1_t,difference
dynadrop_assessment_PCR_q1_t,difference
dynadrop_assessment_PCR_q1_t,difference
genetics_function_replication_lbd_q1,proteins
genetics_function_replication_lbd_q2,proteins
genetics_function_replication_lbd_q3,proteins
genetics_function_replication_lbd_q4,proteins
genetics_molecular_code_lbd_q1,difference
genetics_molecular_crime_lbd_q1,dna
genetics_molecular_crime_lbd_q2,difference
genetics_molecular_crime_lbd_q3,species
genetics_molecular_czar_digt_q1,following
genetics_molecular_dna_info_digt_q1,dna
genetics_molecular_helicase_digt_q1,dna
genetics_molecular_helicase_digt_q2,dna
genetics_molecular_helicase_digt_q3,dna
genetics_molecular_location_lbd_q10,dna
genetics_molecular_location_lbd_q1,dna
genetics_molecular_location_lbd_q2,require energy
genetics_molecular_location_lbd_q3,cells
genetics_molecular_location_lbd_q4,membrane
genetics_molecular_location_lbd_q5,cells
genetics_molecular_location_lbd_q6,dna
genetics_molecular_location_lbd_q7,dna
genetics_molecular_location_lbd_q8,dna
genetics_molecular_location_lbd_q9,require energy
genetics_molecular_pcr_digt_q1_DNA_PCR,dna
genetics_molecular_pcr_digt_q2_DNA_PCR,dna
genetics_molecular_pcr_digt_q3_DNA_PCR,require energy
genetics_molecular_pcr_digt_q4_DNA_PCR,dna
genetics_molecular_pcr_digt_q5_DNA_PCR,dna
genetics_molecular_pcr_digt_q6_DNA_PCR,dna
genetics_molecular_pcr_digt_q7_DNA_PCR,dna
genetics_molecular_quiz_genetics_molecular_DNA_m1_pool_q10,cells
genetics_molecular_quiz_genetics_molecular_DNA_m1_pool_q1,dna
genetics_molecular_quiz_genetics_molecular_DNA_m1_pool_q2,acids
genetics_molecular_quiz_genetics_molecular_DNA_m1_pool_q2a,cell
genetics_molecular_quiz_genetics_molecular_DNA_m1_pool_q3,following
genetics_molecular_quiz_genetics_molecular_DNA_m1_pool_q3a_bases,dna
genetics_molecular_quiz_genetics_molecular_DNA_m1_pool_q4,proteins
genetics_molecular_quiz_genetics_molecular_DNA_m1_pool_q5,dna
genetics_molecular_quiz_genetics_molecular_DNA_m1_pool_q6,dna
genetics_molecular_quiz_genetics_molecular_DNA_m1_pool_q7,dna
genetics_molecular_sequence_digt_q1_DNA_SEQUENCE,dna
genetics_molecular_sequence_digt_q1_DNA_SEQUENCE,dna
genetics_molecular_sequence_digt_q1_DNA_SEQUENCE,dna
inline_DNA_replication_id_q1_DNA_replication_helix,dna
inline_DNA_replication_id_q2_dbl_strand_code,dna
inline_DNA_replication_id_q3_DNA_replic_labels,dna
biochem_acid_or_base_DIGT_q1,difference
biochem_acid_or_base_DIGT_q2,difference
biochem_acid_or_base_DIGT_q3,difference
biochem_nucleic-acids_quiz_nucleic_acids_pool_a2_q1,dna
biochem_nucleic-acids_quiz_nucleic_acids_pool_a2_q5,acids
biochem_nucleic-acids_quiz_nucleic_acids_pool_a2_q6,difference
biochem_nucleic-acids_quiz_nucleic_acids_pool_a2_q7,acids
biochem_nucleic-acids_quiz_nucleic_acids_pool_a2_q8,dna
biochem_nucleic-acids_quiz_nucleic_acids_pool_a2_q9,groups
biochem_nucleic-acids_quiz_u3_biomacromolecules_unit_quiz_pool_q10,molecules
biochem_nucleic-acids_quiz_u3_biomacromolecules_unit_quiz_pool_q11,difference
biochem_nucleic-acids_quiz_u3_biomacromolecules_unit_quiz_pool_q12,following
biochem_nucleic-acids_quiz_u3_biomacromolecules_unit_quiz_pool_q13,following
biochem_nucleic-acids_quiz_u3_biomacromolecules_unit_quiz_pool_q14,groups
biochem_nucleic-acids_quiz_u3_biomacromolecules_unit_quiz_pool_q15,molecules
biochem_nucleic-acids_quiz_u3_biomacromolecules_unit_quiz_pool_q16,molecules
biochem_nucleic-acids_quiz_u3_biomacromolecules_unit_quiz_pool_q17,molecules
biochem_nucleic-acids_quiz_u3_biomacromolecules_unit_quiz_pool_q18,molecules
biochem_nucleic-acids_quiz_u3_biomacromolecules_unit_quiz_pool_q19,enzymes
biochem_nucleic-acids_quiz_u3_biomacromolecules_unit_quiz_pool_q1,following
biochem_nucleic-acids_quiz_u3_biomacromolecules_unit_quiz_pool_q20,molecules
biochem_nucleic-acids_quiz_u3_biomacromolecules_unit_quiz_pool_q21,molecules
biochem_nucleic-acids_quiz_u3_biomacromolecules_unit_quiz_pool_q22,molecules
biochem_nucleic-acids_quiz_u3_biomacromolecules_unit_quiz_pool_q23,require energy
biochem_nucleic-acids_quiz_u3_biomacromolecules_unit_quiz_pool_q24,difference
biochem_nucleic-acids_quiz_u3_biomacromolecules_unit_quiz_pool_q25,following
biochem_nucleic-acids_quiz_u3_biomacromolecules_unit_quiz_pool_q26,water molecules form hydrogen bonds
biochem_nucleic-acids_quiz_u3_biomacromolecules_unit_quiz_pool_q27,enzymes
biochem_nucleic-acids_quiz_u3_biomacromolecules_unit_quiz_pool_q28,membrane
biochem_nucleic-acids_quiz_u3_biomacromolecules_unit_quiz_pool_q29,molecules
biochem_nucleic-acids_quiz_u3_biomacromolecules_unit_quiz_pool_q2a,molecules
biochem_nucleic-acids_quiz_u3_biomacromolecules_unit_quiz_pool_q30,proteins
biochem_nucleic-acids_quiz_u3_biomacromolecules_unit_quiz_pool_q31,proteins
biochem_nucleic-acids_quiz_u3_biomacromolecules_unit_quiz_pool_q32,enzymes
biochem_nucleic-acids_quiz_u3_biomacromolecules_unit_quiz_pool_q33,enzymes
biochem_nucleic-acids_quiz_u3_biomacromolecules_unit_quiz_pool_q3a,following
biochem_nucleic-acids_quiz_u3_biomacromolecules_unit_quiz_pool_q47,cells
biochem_nucleic-acids_quiz_u3_biomacromolecules_unit_quiz_pool_q48,molecules
biochem_nucleic-acids_quiz_u3_biomacromolecules_unit_quiz_pool_q49,water molecules form hydrogen bonds
biochem_nucleic-acids_quiz_u3_biomacromolecules_unit_quiz_pool_q4a,require energy
biochem_nucleic-acids_quiz_u3_biomacromolecules_unit_quiz_pool_q5,enzymes
biochem_nucleic-acids_quiz_u3_biomacromolecules_unit_quiz_pool_q6,molecules
biochem_nucleic-acids_quiz_u3_biomacromolecules_unit_quiz_pool_q7,molecules
biochem_nucleic-acids_quiz_u3_biomacromolecules_unit_quiz_pool_q8,following
biochem_nucleic-acids_quiz_u3_biomacromolecules_unit_quiz_pool_q9,acids
biochem_pH_define_DIGT_q1,acids
biochem_pH_define_DIGT_q2,acids
inline_na_DNA_RNA_compared_q1_building_block,dna
inline_na_DNA_RNA_compared_q2_sugar_phosphate_backbone,dna
inline_na_DNA_RNA_compared_q3_base_thats_diff,dna
inline_na_DNA_structure_q1_bases_shown_in_JMOL,carbons
inline_na_DNA_structure_q2_DNA_srand_arrangment,dna
inline_na_DNA_structure_q3_DNA_alt_structure,dna
inline_na_DNA_structure_q4_type_chem_bond,dna
inline_na_DNA_structure_q5_basepairing_rule,dna
inline_na_id_5end_3end_q1_5end,term
inline_na_id_5end_3end_q2_DNA_ID_5end_3end,dna
inline_na_nitogenous_bases_q1_nitro_bases,difference
inline_na_nitogenous_bases_q2_adenine,electrons
inline_na_nitogenous_bases_q3_cytosine,dna
inline_na_nitogenous_bases_q4_guanine,dna
inline_na_nitogenous_bases_q5_thymine,dna
inline_na_trinucleotide_q1_carbon_linked_to_base,carbons
inline_na_trinucleotide_q2_unlabeled_carbons,carbons
inline_na_trinucleotide_q3_labeled_sugar,carbons
inline_na_trinucleotide_q4_carbon_above_sugar,carbons
inline_na_trinucleotide_q5_carbon_below_sugar,carbons
inline_na_trinucleotide_q6_molecule_ends,dna
nucleic_acids_ATP_energy_release_DIGT_q1,require energy
nucleic_acids_ATP_mass_LBD_q1,require energy
nucleic_acids_ATP_mass_LBD_q2,molecules
_m4_aa_folding_DIGT_q1,acids
_m4_aa_folding_DIGT_q2,proteins
_m4_amino_acid_parts_DIGT_q1,acids
_m4_amino_acid_parts_DIGT_q2,acids
_m4_amino_acid_parts_DIGT_q3,acids
_m4_amino_acid_parts_DIGT_q4,acids
_m4_amino_acids_LBD_q1,carbons
_m4_amino_acids_LBD_q2,acids
_m4_amino_acids_LBD_q3_serine,acids
_m4_peptide_denature_LBD_q1,proteins
_m4_peptide_denature_LBD_q2,proteins
_m4_tripeptide_LBD_q1,following
_m4_tripeptide_LBD_q2,acids
aa_proteins_quiz__m4_amino_acids_pool_q1,acids
aa_proteins_quiz__m4_amino_acids_pool_q2,acids
aa_proteins_quiz__m4_amino_acids_pool_q3,acids
aa_proteins_quiz__m4_amino_acids_pool_q4,carbons
aa_proteins_quiz__m4_amino_acids_pool_q5,acids
aa_proteins_quiz__m4_enzymes_pool_q1,enzymes
aa_proteins_quiz__m4_enzymes_pool_q2,proteins
aa_proteins_quiz__m4_enzymes_pool_q3,enzymes
aa_proteins_quiz__m4_enzymes_pool_q4,following
aa_proteins_quiz__m4_enzymes_pool_q5,following
aa_proteins_quiz__m4_enzymes_pool_q6,enzymes
aa_proteins_quiz__m4_enzymes_pool_q7,enzymes
aa_proteins_quiz__m4_proteins_pool_q1,acids
aa_proteins_quiz__m4_proteins_pool_q2,acids
aa_proteins_quiz__m4_proteins_pool_q3,acids
aa_proteins_quiz__m4_proteins_pool_q4,acids
aa_proteins_quiz__m4_proteins_pool_q5,proteins
aa_proteins_quiz__m4_proteins_pool_q6,difference
proteins_oxygen_q1,proteins
proteins_oxygen_q2,following
proteins_oxygen_q3,membrane
proteins_oxygen_q4_biomacro_function,following
_m4_antacid_DIGT_q1,enzymes
_m4_enzyme_catalysis_DIGT_q1,enzymes
_m4_enzyme_catalysis_DIGT_q2,require energy
_m4_enzyme_curve_DIGT_q1,following
_m4_lactose_DIGT_q1,following
_m4_lactose_lactase_DIGT_q1,proteins
_m4_proteins_antibody_binding_LBD_q1,proteins
_m4_proteins_antibody_binding_LBD_q2,difference
inline_bio_intro_abiotic_characteristics_q1_water,water molecules form hydrogen bonds
inline_bio_intro_abiotic_characteristics_q2_bacteria,difference
inline_bio_intro_abiotic_characteristics_q3_glucose,require energy
inline_bio_intro_abiotic_characteristics_q4_cotton,molecules
inline_bio_intro_abiotic_characteristics_q5_carbon_dioxide,carbons
inline_bio_intro_abiotic_characteristics_q6_yogurt,difference
inline_bio_intro_abiotic_characteristics_q7_cold_virus,cells
inline_bio_intro_virus_abiotic_DIGT_q1_are_viruses_alive,life
inline_bio_intro_virus_characteristic_1v0_qv1_viruses_use_energy,require energy
inline_bio_intro_virus_characteristic_2v1_qv2_viruses_respond_to_environment,life
inline_bio_intro_virus_characteristic_3v0_qv3_viruses_reproduce_with_DNA,dna
inline_bio_intro_virus_characteristic_4v0_qv4_viruses_one_or_more_cells,cell
inline_first_emergent_property_level_q1,life
inline_intro_to_bio_DIGT_v1_q1_biology_branches,following
inline_intro_to_bio_DIGT_v1_q2_student_questions,life
inline_levels_of_organization_DIGT_q1_encompassing_level,following
inline_levels_of_organization_DIGT_q2_hamberger,difference
inline_levels_of_organization_DIGT_q3,organisms
intro_biology_intro_quiz_intro_biology_intro_pool_q10,following
intro_biology_intro_quiz_intro_biology_intro_pool_q11,life
intro_biology_intro_quiz_intro_biology_intro_pool_q12_emer_prop,life
intro_biology_intro_quiz_intro_biology_intro_pool_q4,enzymes
intro_biology_intro_quiz_intro_biology_intro_pool_q5,organisms
intro_biology_intro_quiz_intro_biology_intro_pool_q6,difference
intro_biology_intro_quiz_intro_biology_intro_pool_q7,membrane
intro_biology_intro_quiz_intro_biology_intro_pool_q8,cells
intro_biology_intro_quiz_intro_biology_intro_pool_q9,acids
control_experimental_lbd_q1,groups
control_experimental_lbd_q2,groups
fairies_digt_q1,difference
hpv_results_lbd_q1,difference
hypothesis_yes_no_q1,difference
hypothesis_yes_no_q2,species
hypothesis_yes_no_q3,difference
hypothesis_yes_no_q4,difference
inline_experiment_results_significance_DIGT_q1,difference
inline_hpv_experiment_cv_q1_control_variables,difference
inline_hpv_experiment_dv_q1_dependent_variable,difference
inline_hpv_experiment_hypothesis_q1_hpv_hypo,life
inline_hpv_experiment_iv_q1_indepen_var,difference
inline_hpv_experiment_significance_q2_next_question,difference
intro_scientific_method_quiz_intro_scientific_method_pool_a2_q2a,following
intro_scientific_method_quiz_intro_scientific_method_pool_q1,groups
intro_scientific_method_quiz_intro_scientific_method_pool_q2,groups
intro_scientific_method_quiz_intro_scientific_method_pool_q3,difference
intro_scientific_method_quiz_intro_scientific_method_pool_q4,following
pseudoscience_lbd_q1,difference
pseudoscience_lbd_q2,require energy
what_is_science_digt2_q2_neurotransmitters,difference
what_is_science_submit_q1,life
intro_themes_quiz_intro_themes_pool_q10,life
intro_themes_quiz_intro_themes_pool_q12,cells
intro_themes_quiz_intro_themes_pool_q1,life
intro_themes_quiz_intro_themes_pool_q2,cells
intro_themes_quiz_intro_themes_pool_q3,cell
intro_themes_quiz_intro_themes_pool_q5,require energy
intro_themes_quiz_intro_themes_pool_q6,difference
intro_themes_quiz_intro_themes_pool_q7,difference
intro_themes_quiz_intro_themes_pool_q8,life
intro_themes_quiz_intro_themes_pool_q9,difference
intro_themes_quiz_qintro_themes_pool_11,following
u1_themes_dandelion_LBD_q1,difference
u1_themes_dandelion_LBD_q2,difference
u1_themes_dandelion_LBD_q3,difference
u1_themes_energy_and_matter_DIGT_q1,difference
u1_themes_energy_and_matter_DIGT_q2,require energy
u1_themes_energy_and_matter_DIGT_q3,require energy
u1_themes_energy_and_matter_DIGT_q4,require energy
u1_themes_energy_and_matter_DIGT_q5,cells
u1_themes_energy_flow_LBD_q1,require energy
u1_themes_energy_flow_LBD_q2,require energy
u1_themes_energy_flow_LBD_q3,require energy
u1_themes_energy_flow_LBD_q4,require energy
u1_themes_energy_flow_LBD_q5,molecules
u1_themes_energy_flow_LBD_q6,require energy
u1_themes_evolution_DIGT_q1,cells
u1_themes_evolution_DIGT_q2,difference
u1_themes_evolution_DIGT_q3,species
u1_themes_evolution_DIGT_q4,require energy
u1_themes_evolution_DIGT_q5,life
u1_themes_evolution_LBD_q1,difference
u1_themes_evolution_LBD_q2,difference
u1_themes_growth2_DIGT_q1,dna
u1_themes_growth2_DIGT_q2,cells
u1_themes_heat_energy_LBD_q1,require energy
u1_themes_homeostasis_human_pH_DIGT_q1,difference
u1_themes_interdependence_DIGT_q1,cells
u1_themes_interdependence_DIGT_q2,species
u1_themes_nutrients_DIGT_q1,life
u1_themes_nutrients_DIGT_q2,organisms
u1_themes_nutrients_DIGT_q3,water molecules form hydrogen bonds
u1_themes_nutrients_DIGT_q4,molecules
u1_themes_nutrients_DIGT_q5,life
u1_themes_nutrients_DIGT_q6,electrons
u1_themes_struct_func_DIGT_q1,organisms
u1_themes_struct_func_DIGT_q2,life
u1_themes_struct_func_LBD_q1,difference
u1_themes_struct_func_LBD_q2,enzymes
u1_themes_struct_func_LBD_q3,life
u1_themes_struct_func_LBD_q4,enzymes
biochem_carbs_assemble_DIGT_q1,following
biochem_carbs_characteristic_DIGT_q1,following
biochem_carbs_characteristic_DIGT_q2,molecules
biochem_carbs_dietary_DIGT_q1,following
biochem_carbs_fiber_DIGT_q1,following
biochem_carbs_quiz_biochem_carbs_pool_q2,following
biochem_carbs_quiz_biochem_carbs_pool_q3,difference
biochem_carbs_quiz_biochem_carbs_pool_q5,molecules
biochem_carbs_quiz_biochem_carbs_pool_q6,molecules
biochem_carbs_quiz_biochem_carbs_pool_q7,following
biochem_carbs_quiz_biochem_carbs_pool_q8,require energy
biochem_carbs_quiz_biochem_carbs_pool_q9,following
a2_HS-metab_tca_etran_tca_etrans_q0,carbons
a2_HS-metab_tca_etran_tca_etrans_q1,require energy
a2_HS-metab_tca_etran_tca_etrans_q3,following
a2_HS-metab_tca_etran_tca_etrans_q4,species
a2_HS-metab_tca_etran_tca_etrans_q5,species
a2_HS-metab_tca_etran_tca_etrans_q6,require energy
inline_digit-metabolism_etrans_atp_meta_etrans_atp_01,electrons
inline_digit-metabolism_etrans_atp_meta_etrans_atp_02,following
inline_digit-metabolism_etrans_atp_meta_etrans_atp_03,electrons
inline_digit-metabolism_etrans_atp_meta_etrans_atp_04,require energy
inline_digit-metabolism_etrans_atp_meta_etrans_atp_05,require energy
inline_energy_defined_q1_chem_energy_not,require energy
inline_energy_defined_q2_energy-def,require energy
inline_energy_defined_q3_potential_energy_ex,require energy
inline_energy_flow_q1_energy_form_form_of,require energy
inline_energy_flow_q2_energy_source_energy,require energy
inline_energy_flow_q3_energy_transformation_energy,require energy
inline_energy_photosyn_constructn-blks_q1_photosyn_raw_materials_raw,carbons
inline_energy_photosyn_constructn-blks_q2_photosyn_energy-source_energy,require energy
inline_energy_photosyn_constructn-blks_q3_photosyn_product,require energy
inline_energy_transformation_q1_energy_lost,require energy
inline_energy_transformation_q2_no_sunlight,organisms
inline_plants-and-energy_q1,following
atp_build_hotspot1_q1,acids
atp_build_hotspot1_q2_ribose,term
atp_build_hotspot1_q3,carbons
atp_build_hotspot1_q4_phosphate,groups
atp_build_hotspot1_q5,carbons
inline_ATP_ADP_difference_q1_structure_diff,require energy
inline_atp_components_q1_adenine,electrons
inline_atp_components_q2_phosphate,require energy
inline_atp_components_q3_deoxyribose,difference
inline_atp_components_q4_guanine,dna
inline_atp_components_q4_ribose,difference
inline_cellular_work_q1,require energy
inline_why_hydrolysis_releases_energy_q1_why_hyrdolysis_releases_energy,require energy
inline_why_hydrolysis_releases_energy_q2_reaction_to_build_ATP,require energy
inline_why_hydrolysis_releases_energy_q3_why_energy_is_required,require energy
inline_why_hydrolysis_releases_energy_q4_effect_of_combining_like_charges,difference
inline-metab_pathway_types_q1_cell_resp,require energy
inline-metab_pathway_types_q2_photosynthesis,require energy
inline-metab_pathway_types_q3_synthesize_starch,molecules
inline-metab_pathway_types_q4_digest_food_molecules,molecules
inline-metab_pathway_types_q5_build_complex_products,proteins
inline-metab_pathway_types_q6_release_energy,require energy
inline-metab_pathway_types_q7_requires_energy,require energy
inline-metab_pathway_types_q8_break_down_molecules,molecules
inline_anabolic_reactions_energy_source_SC_q1_atp_energy_source,require energy
inline_metab_ac_transfer_ATP_LBD_q1,electrons
inline_metab_ac_transfer_ATP_LBD_q2,electrons
inline_metab_ac_transfer_ATP_LBD_q3,electrons
inline_metab_ac_transfer_ATP_LBD_q4,electrons
inline_metab_high_energy_molecules_q1_high_energy_molecules,molecules
inline_metab_high_energy_molecules_q2_energy_source,require energy
inline_metab_high_energy_molecules_q3_atp,require energy
inline_metab_high_energy_molecules_q4_energy_reation,require energy
metab_energy_quiz_metab_energy_pool_part2_q10,proteins
metab_energy_quiz_metab_energy_pool_part2_q11,acids
metab_energy_quiz_metab_energy_pool_part2_q13,difference
metab_energy_quiz_metab_energy_pool_part2_q14,carbons
metab_energy_quiz_metab_energy_pool_part2_q16,acids
metab_energy_quiz_metab_energy_pool_part2_q17,following
metab_energy_quiz_metab_energy_pool_part2_q18,require energy
metab_energy_quiz_metab_energy_pool_part2_q1a,require energy
metab_energy_quiz_metab_energy_pool_part2_q2,require energy
metab_energy_quiz_metab_energy_pool_part2_q3,organisms
metab_energy_quiz_metab_energy_pool_part2_q4,organisms
metab_energy_quiz_metab_energy_pool_part2_q5,require energy
metab_energy_quiz_metab_energy_pool_part2_q6,require energy
metab_energy_quiz_metab_energy_pool_part2_q7a,require energy
metab_energy_quiz_metab_energy_pool_part2_q9,dna
metab_energy_quiz_metab_energy_pool_q10,acids
metab_energy_quiz_metab_energy_pool_q11a,require energy
metab_energy_quiz_metab_energy_pool_q12,require energy
metab_energy_quiz_metab_energy_pool_q13,difference
metab_energy_quiz_metab_energy_pool_q14,require energy
metab_energy_quiz_metab_energy_pool_q1,require energy
metab_energy_quiz_metab_energy_pool_q2,require energy
metab_energy_quiz_metab_energy_pool_q3,require energy
metab_energy_quiz_metab_energy_pool_q4,require energy
metab_energy_quiz_metab_energy_pool_q5,require energy
metab_energy_quiz_metab_energy_pool_q6,require energy
metab_energy_quiz_metab_energy_pool_q7,require energy
metab_energy_quiz_metab_energy_pool_q8,require energy
metab_energy_quiz_metab_energy_pool_q9,following
a2_HS-metab-glycolysis_glycolysis_q0,enzymes
a2_HS-metab-glycolysis_glycolysis_q1,carbons
a2_HS-metab-glycolysis_glycolysis_q2,require energy
a2_HS-metab-glycolysis_glycolysis_q3,require energy
a2_HS-metab-glycolysis_glycolysis_q4,require energy
a2_HS-metab-glycolysis_glycolysis_q5,cell
a2_HS-metab-glycolysis_glycolysis_q6,require energy
a2_HS-metab-glycolysis_glycolysis_q7,require energy
a2_HS-metab-glycolysis_glycolysis_q8,difference
glycolysis_spontaneous_glycolysis_spontaneity,enzymes
inline_digit-metabolism_glycolysis_metab-glyco_01,require energy
inline_digit-metabolism_glycolysis_metab-glyco_02,enzymes
inline_digit-metabolism_glycolysis_metab-glyco_03,following
inline_digit-metabolism_glycolysis_metab-glyco_04,require energy
inline_digit-metabolism_glycolysis_metab-glyco_05,require energy
inline_digit-metabolism_glycolysis_metab-glyco_06,cells
inline_digit-metabolism_tca_metab_tca_01,carbons
inline_digit-metabolism_tca_metab_tca_02,acids
inline_digit-metabolism_tca_metab_tca_03,electrons
inline_digit-metabolism_tca_metab_tca_04,require energy
inline_digit-metabolism_tca_metab_tca_05,following
_u3_cells_theory_tenets_DIGT_q1,cells
