_u3_cell_cycle_DIGT_q1_DNA_rep_stage,[
_u3_cell_cycle_DIGT_q2_interphase,[
_u3_cell_cycle_DIGT_q3_daughter_cells,[
_u3_cell_cycle_DIGT_q4_growing_stage,[
_u3_cell_cycle_DIGT_q5_DNA_check_stage,[
cells_and_chromosomes_quiz_cells_and_chromosomes_modquiz_pool_q10,[
cells_and_chromosomes_quiz_cells_and_chromosomes_modquiz_pool_q11,[
cells_and_chromosomes_quiz_cells_and_chromosomes_modquiz_pool_q12,[
cells_and_chromosomes_quiz_cells_and_chromosomes_modquiz_pool_q13,[
cells_and_chromosomes_quiz_cells_and_chromosomes_modquiz_pool_q14,[
cells_and_chromosomes_quiz_cells_and_chromosomes_modquiz_pool_q15,[
cells_and_chromosomes_quiz_cells_and_chromosomes_modquiz_pool_q16,[
cells_and_chromosomes_quiz_cells_and_chromosomes_modquiz_pool_q17,[
cells_and_chromosomes_quiz_cells_and_chromosomes_modquiz_pool_q18,[
cells_and_chromosomes_quiz_cells_and_chromosomes_modquiz_pool_q19,[
cells_and_chromosomes_quiz_cells_and_chromosomes_modquiz_pool_q1,[
cells_and_chromosomes_quiz_cells_and_chromosomes_modquiz_pool_q2,[
cells_and_chromosomes_quiz_cells_and_chromosomes_modquiz_pool_q3,[
cells_and_chromosomes_quiz_cells_and_chromosomes_modquiz_pool_q4,[
cells_and_chromosomes_quiz_cells_and_chromosomes_modquiz_pool_q5,[
cells_and_chromosomes_quiz_cells_and_chromosomes_modquiz_pool_q6,[
cells_and_chromosomes_quiz_cells_and_chromosomes_modquiz_pool_q7,[
cells_and_chromosomes_quiz_cells_and_chromosomes_modquiz_pool_q8,[
cells_and_chromosomes_quiz_cells_and_chromosomes_modquiz_pool_q9,[
inline_DNA_structure_at_replication_DIGT_q1,[
inline_DNA_structure_at_replication_DIGT_q2_m_phase,[
inline_cell_repl_counting_chromosomes_q1,[
inline_cell_repl_counting_chromosomes_q2,[
inline_cell_repl_counting_chromosomes_q3,[
inline_cell_repl_counting_chromosomes_q4,[
inline_cell_repl_counting_chromosomes_DIGT_q1,[
inline_cell_repl_counting_chromosomes_DIGT_q2,[
inline_cell_repl_counting_chromosomes_DIGT_q3,[
inline_cell_repl_counting_chromosomes_DIGT_q4,[
inline_chromosome_regions_DIGT_q1,[
inline_chromosome_regions_DIGT_q2,[
inline_chromosome_regions_DIGT_q3_chromatids,[
inline_chromosome_regions_DIGT_q4_centromeres,[
inline_chromosomes_LBD_q1,[
inline_chromosomes_LBD_q2,[
inline_chromosomes_LBD_q3,[
inline_distinguish_cell_type_DIGT_q1,[
inline_distinguish_cell_type_DIGT_q2,[
inline_distinguish_cell_type_DIGT_q3_somatic_cells,[
inline_distinguish_cell_type_DIGT_q4_gametes,[
inline_gamete_cells_function_LBD_q1,[
inline_gamete_cells_function_LBD_q2,[
inline_gamete_cells_function_LBD_q3,[
inline_gamete_cells_function_LBD_q4,[
inline_gamete_cells_function_LBD_q5,[
_u3_cell_structure_functions_DIGT_q1,[
_u3_cell_structure_functions_DIGT_q2,[
dynadrop_assessment_punnett_q1_cap,[
dynadrop_assessment_punnett_q1_cap,[
dynadrop_assessment_punnett_q1_cap,[
dynadrop_assessment_punnett_q1_small,[
dynadrop_assessment_punnett_yr_q1_2cap,[
dynadrop_assessment_punnett_yr_q1_2cap,[
dynadrop_assessment_punnett_yr_q1_2cap,[
dynadrop_assessment_punnett_yr_q1_2cap,[
dynadrop_assessment_punnett_yr_q1_2small,[
dynadrop_assessment_punnett_yr_q1_2small,[
dynadrop_assessment_punnett_yr_q1_2small,[
dynadrop_assessment_punnett_yr_q1_2small,[
dynadrop_assessment_punnett_yr_q1_capSmall,[
dynadrop_assessment_punnett_yr_q1_capSmall,[
dynadrop_assessment_punnett_yr_q1_capSmall,[
dynadrop_assessment_punnett_yr_q1_capSmall,[
dynadrop_assessment_punnett_yr_q1_capSmall,[
dynadrop_assessment_punnett_yr_q1_capSmall,[
dynadrop_assessment_punnett_yr_q1_capSmall,[
dynadrop_assessment_punnett_yr_q1_capSmall,[
genetics_heredity_albino_digt_q1,[
genetics_heredity_albino_digt_q2,[
genetics_heredity_cell_division_digt_q1,[
genetics_heredity_cell_division_digt_q2,[
genetics_heredity_cells_LBD_q1,[
genetics_heredity_cells_LBD_q2,[
genetics_heredity_cells_LBD2_q1,[
genetics_heredity_chromosome_digt_q1,[
genetics_heredity_chromosome_digt_q2,[
genetics_heredity_chromosome_digt_q3,[
genetics_heredity_chromosome_digt_q4,[
genetics_heredity_cystic_q1,[
genetics_heredity_dihybrid_lbd_q1_y,[
genetics_heredity_dihybrid_lbd_q2_y,[
genetics_heredity_dihybrid_lbd_q3_g,[
genetics_heredity_dihybrid_lbd_q4_g,[
genetics_heredity_flowers_LBD_q1,[
genetics_heredity_flowers_LBD_q2,[
genetics_heredity_flowers_LBD3_q1,[
genetics_heredity_geno_pheno_digt_q1,[
genetics_heredity_geno_pheno_digt_q2_segr_law,[
genetics_heredity_geno_pheno_digt_q3_prediction,[
genetics_heredity_heteroxygous_digt_q1,[
genetics_heredity_heterozygous_text_q1,[
genetics_heredity_heterozygous_text_q2,[
genetics_heredity_independent_assortment_lbd_q1,[
genetics_heredity_independent_assortment_lbd_q2,[
genetics_heredity_independent_assortment_lbd_q3,[
genetics_heredity_independent_assortment_lbd_q4,[
genetics_heredity_meiosis_digt_q1,[
genetics_heredity_meiosis_digt_q2,[
genetics_heredity_meiosis_digt_q3,[
genetics_heredity_meiosis_digt_q4,[
genetics_heredity_meiosis_digt_q5,[
genetics_heredity_meiosis_digt_q6,[
genetics_heredity_meiosis_lbd_q1,[
genetics_heredity_mendells_contribution_SC_g1_qsub,[
genetics_heredity_punnett_lbd_q1,[
genetics_heredity_punnett_lbd_q2,[
genetics_heredity_quiz_genetics_heredity_pool_q10,[
genetics_heredity_quiz_genetics_heredity_pool_q11,[
genetics_heredity_quiz_genetics_heredity_pool_q12,[
genetics_heredity_quiz_genetics_heredity_pool_q13,[
genetics_heredity_quiz_genetics_heredity_pool_q14,[
genetics_heredity_quiz_genetics_heredity_pool_q15,[
genetics_heredity_quiz_genetics_heredity_pool_q17,[
genetics_heredity_quiz_genetics_heredity_pool_q18,[
genetics_heredity_quiz_genetics_heredity_pool_q19,[
genetics_heredity_quiz_genetics_heredity_pool_q1,[
genetics_heredity_quiz_genetics_heredity_pool_q20,[
genetics_heredity_quiz_genetics_heredity_pool_q21,[
genetics_heredity_quiz_genetics_heredity_pool_q22,[
genetics_heredity_quiz_genetics_heredity_pool_q23_beans,[
genetics_heredity_quiz_genetics_heredity_pool_q24_beans,[
genetics_heredity_quiz_genetics_heredity_pool_q25,[
genetics_heredity_quiz_genetics_heredity_pool_q26,[
genetics_heredity_quiz_genetics_heredity_pool_q27,[
genetics_heredity_quiz_genetics_heredity_pool_q2,[
genetics_heredity_quiz_genetics_heredity_pool_q3,[
genetics_heredity_quiz_genetics_heredity_pool_q4,[
genetics_heredity_quiz_genetics_heredity_pool_q5,[
genetics_heredity_quiz_genetics_heredity_pool_q6_tongue,[
genetics_heredity_quiz_genetics_heredity_pool_q7_tongue,[
genetics_heredity_quiz_genetics_heredity_pool_q8_tongue,[
genetics_heredity_quiz_genetics_heredity_pool_q9,[
genetics_heredity_spaniels_digt_q1,[
genetics_heredity_spaniels_digt_q2,[
genetics_heredity_two_traits_digt_q1,[
cell_division_meiosis_quiz_cell_division_meiosis_quiz_pool_q10,[
cell_division_meiosis_quiz_cell_division_meiosis_quiz_pool_q1,[
cell_division_meiosis_quiz_cell_division_meiosis_quiz_pool_q2,[
cell_division_meiosis_quiz_cell_division_meiosis_quiz_pool_q3,[
cell_division_meiosis_quiz_cell_division_meiosis_quiz_pool_q4,[
cell_division_meiosis_quiz_cell_division_meiosis_quiz_pool_q5,[
cell_division_meiosis_quiz_cell_division_meiosis_quiz_pool_q6,[
cell_division_meiosis_quiz_cell_division_meiosis_quiz_pool_q7,[
cell_division_meiosis_quiz_cell_division_meiosis_quiz_pool_q8,[
cell_division_meiosis_quiz_cell_division_meiosis_quiz_pool_q9,[
inline_meiosis-1_asexual_cell_division_q1,[
inline_meiosis-1_asexual_cell_division_q2,[
inline_meiosis-2_sex_vs_asex_DIGT_q1,[
inline_meiosis-2_sex_vs_asex_DIGT_q2,[
inline_meiosis-3_mitosis_vs_meiosis_LBD_q1,[
inline_meiosis-3_mitosis_vs_meiosis_LBD_q2,[
inline_meiosis-3_mitosis_vs_meiosis_LBD_q3,[
inline_meiosis-3_mitosis_vs_meiosis_LBD_q4,[
inline_meiosis-3_mitosis_vs_meiosis_LBD_q5,[
inline_meiosis-5_daughter-cells_LBD_q1,[
inline_meiosis-5_daughter-cells_LBD_q2,[
inline_meiosis-6_telophase_LBD_q1,[
inline_meiosis-6_telophase_LBD_q2_nbr_chromosomes_chromosome,[
inline_meiosis-6_telophase_LBD_q3_genetic_variability,[
inline_meiosis-6_telophase_LBD_q4_chromatids_separated,[
inline_meiosis-7_non-disjunct_DIGT_q1,[
inline_meiosis-8_importance_DIGT_q1,[
cell_div_mitosis_quiz_cell_div_mitosis_quiz_pool_q1,[
cell_div_mitosis_quiz_cell_div_mitosis_quiz_pool_q2,[
cell_div_mitosis_quiz_cell_div_mitosis_quiz_pool_q3,[
cell_div_mitosis_quiz_cell_div_mitosis_quiz_pool_q4,[
cell_div_mitosis_quiz_cell_div_mitosis_quiz_pool_q5,[
cell_div_mitosis_quiz_cell_div_mitosis_quiz_pool_q6,[
cell_div_mitosis_quiz_cell_div_mitosis_quiz_pool_q7,[
cell_div_mitosis_quiz_cell_div_mitosis_quiz_pool_q8,[
inline_cell_cycle_irregular_cancer_q1,[
inline_cell_cycle_irregular_cancer_q2,[
inline_cell_cycle_irregular_cancer_q3,[
inline_cell_repl_mitosis_function_q1,[
inline_cell_repl_predict_genes_DIGT_q1,[
inline_cell_repl_predict_genes_DIGT_q2,[
inline_cell_repl_predict_genes_DIGT_q3,[
inline_cell_repl_predict_genes_DIGT_q4,[
inline_cell_structures_and_function_q1,[
inline_cell_structures_and_function_q2,[
inline_cell_structures_and_function_q3,[
inline_m1_prophase_LBD_q1,[
inline_m1_prophase_LBD_q2,[
inline_m1_prophase_function_DIGT_q1,[
inline_m1_prophase_function_DIGT_q2,[
inline_m1_prophase_function_DIGT_q3,[
inline_m2_metaphase_LBD_q1,[
inline_m3_anaphase_function_DIGT_q1,[
inline_m3_anaphase_function_DIGT_q2,[
inline_m4_telophase_DIGT_q1,[
inline_mitosis_phases_DIGT_q1,[
inline_mitosis_phases_DIGT_q2,[
inline_mitosis_phases_DIGT_q3,[
inline_mitosis_phases_DIGT_q4,[
inline_na_DNA_role_q1_RNA_primary_function,[
inline_na_DNA_role_q2_DNA_makes_what_process,[
inline_na_DNA_role_q2_DNA_makes_what,[
inline_na_DNA_role_q3_number_of_bases_to_code_amino_acid,[
molecular_genes_BCRA_digt_q1,[
molecular_genes_codons_digt_q1,[
molecular_genes_codons_digt_q2,[
molecular_genes_codons_digt_q3,[
molecular_genes_codons_digt_q4,[
molecular_genes_codons_digt_q5,[
molecular_genes_codons_lbd_q1,[
molecular_genes_codons_lbd_q2,[
molecular_genes_codons_lbd_q3,[
molecular_genes_codons_lbd_q4,[
molecular_genes_mutation_digt_q1,[
molecular_genes_mutation_digt_q2,[
molecular_genes_mutation_lbd_q1,[
molecular_genes_mutation_lbd_q2,[
molecular_genes_mutation_lbd_q3,[
molecular_genes_mutation_lbd_q4,[
molecular_genes_mutation_lbd_q5,[
molecular_genes_mutation_lbd_q6,[
molecular_genes_mutation_lbd_q7,[
molecular_genes_mutation_lbd_q8,[
molecular_genes_quiz_molecular_genes_m2quiz_pool_q10,[
molecular_genes_quiz_molecular_genes_m2quiz_pool_q1,[
molecular_genes_quiz_molecular_genes_m2quiz_pool_q2,[
molecular_genes_quiz_molecular_genes_m2quiz_pool_q3,[
molecular_genes_quiz_molecular_genes_m2quiz_pool_q4,[
molecular_genes_quiz_molecular_genes_m2quiz_pool_q5,[
molecular_genes_quiz_molecular_genes_m2quiz_pool_q6,[
molecular_genes_quiz_molecular_genes_m2quiz_pool_q7,[
molecular_genes_quiz_molecular_genes_m2quiz_pool_q8,[
molecular_genes_quiz_molecular_genes_m2quiz_pool_q9,[
molecular_genes_replication_lbd_q1_rep,[
molecular_genes_replication_lbd_q2_rep,[
molecular_genes_replication_lbd_q3_rep,[
molecular_genes_replication_lbd_q4_rep,[
molecular_genes_replication_lbd_q5,[
molecular_genes_replication_lbd_q5_rep,[
molecular_genes_transcription_compare_digt_q10,[
molecular_genes_transcription_compare_digt_q11,[
molecular_genes_transcription_compare_digt_q1,[
molecular_genes_transcription_compare_digt_q2,[
molecular_genes_transcription_compare_digt_q3,[
molecular_genes_transcription_compare_digt_q4,[
molecular_genes_transcription_compare_digt_q5,[
molecular_genes_transcription_compare_digt_q6,[
molecular_genes_transcription_compare_digt_q7,[
molecular_genes_transcription_compare_digt_q8,[
molecular_genes_transcription_compare_digt_q9,[
molecular_genes_types_digt_q1,[
nucleic_acid_building_protein_LBD_q1,[
nucleic_acid_building_protein_LBD_q2,[
nucleic_acid_building_protein_LBD_q3,[
nucleic_acid_building_protein_LBD_q4,[
nucleic_acids_building_protein_DIGT_q1,[
nucleic_acids_building_protein_DIGT_q2,[
nucleic_acids_building_protein_DIGT_q3,[
CRP_lbd_q1,[
CRP_lbd_q2,[
genetics_gene_regulation_quiz_genetics_molecular_gene_regulation_pool_q10,[
genetics_gene_regulation_quiz_genetics_molecular_gene_regulation_pool_q11,[
genetics_gene_regulation_quiz_genetics_molecular_gene_regulation_pool_q12,[
genetics_gene_regulation_quiz_genetics_molecular_gene_regulation_pool_q13,[
genetics_gene_regulation_quiz_genetics_molecular_gene_regulation_pool_q1,[
genetics_gene_regulation_quiz_genetics_molecular_gene_regulation_pool_q2,[
genetics_gene_regulation_quiz_genetics_molecular_gene_regulation_pool_q3,[
genetics_gene_regulation_quiz_genetics_molecular_gene_regulation_pool_q4,[
genetics_gene_regulation_quiz_genetics_molecular_gene_regulation_pool_q5,[
genetics_gene_regulation_quiz_genetics_molecular_gene_regulation_pool_q6,[
genetics_gene_regulation_quiz_genetics_molecular_gene_regulation_pool_q7,[
genetics_gene_regulation_quiz_genetics_molecular_gene_regulation_pool_q8,[
genetics_gene_regulation_quiz_genetics_molecular_gene_regulation_pool_q9,[
glucose_lactose_digt_q1_gluc_lac_A,[
glucose_lactose_digt_q1_gluc_lac_B,[
glucose_lactose_digt_q1_gluc_lac_C,[
glucose_lactose_digt_q2_gluc_lac_A_gl,[
glucose_lactose_digt_q2_gluc_lac_B_gl,[
glucose_lactose_digt_q2_gluc_lac_C_gl,[
glucose_lactose_digt_q3_gluc_lac_A_gl,[
glucose_lactose_digt_q3_gluc_lac_B_gl,[
glucose_lactose_digt_q3_gluc_lac_C_gl,[
glucose_lactose_digt_q4_gluc_lac_A_gl,[
glucose_lactose_digt_q4_gluc_lac_B_gl,[
glucose_lactose_digt_q4_gluc_lac_C_gl,[
molecular_structure_on_off_digt_q1,[
molecular_structure_on_off_digt_q2,[
molecular_structure_on_off_digt_q3,[
operon_lbd_q1,[
operon_lbd_q2,[
operon_lbd_q3,[
operon_lbd_q4,[
operon_lbd_q5,[
prokaryotic_vs_eukaryotic_digt_q1,[
prokaryotic_vs_eukaryotic_digt_q2,[
prokaryotic_vs_eukaryotic_digt_q3,[
prokaryotic_vs_eukaryotic_digt_q4,[
prokaryotic_vs_eukaryotic_digt_q5,[
protein_coding_gene_parts_digt_q1,[
repressor_digt_q1_rep_A,[
repressor_digt_q1_rep_B,[
repressor_digt_q2_rep_A_rep,[
repressor_digt_q2_rep_B_rep,[
tryptophan2_digt_q1,[
tryptophan_digt_q1,[
what_affects_phenotype_digt_q1,[
whats_a_gene_digt_q1,[
whats_a_gene_digt_q2,[
a2_HS-AWB-01_bonding-02,[
a2_HS-AWB-01_bonding-03,[
a2_HS-AWB-01_bonding-04,[
a2_HS-AWB-01_bonding-05,[
a2_HS-AWB-01_bonding-06,[
a2_HS-AWB-01_bonding-07,[
a2_HS-AWB-01_bonding-08,[
a2_HS-AWB-01_bonding-09,[
a2_HS-AWB-01_bonding-10,[
a2_HS-AWB-01_bonding-11,[
a2_HS-AWB-01_bonding-12,[
a2_HS-AWB-01_bonding-13,[
a2_HS-AWB-01_bonding-14,[
a2_HS-AWB-01_bonding-15,[
a2_HS-AWB-01_bonding-17,[
a2_HS-AWB-01_water-01,[
a2_HS-AWB-01_water-02,[
a2_HS-AWB-01_water-03,[
a2_HS-AWB-01_water-04,[
a2_HS-AWB-01_water-05,[
a2_HS-AWB-01_water-06,[
a2_HS-AWB-01_water-07,[
a2_HS-AWB-01_water-08,[
atoms_glucose_mass_number_bonds,[
atoms_nitrogen_mass_mass_glucose,[
atoms_nitrogen_mass_nitrogen_mass,[
atoms_nitrogen_mass_nitrogen_mass,[
atoms_nitrogen_mass_nitrogen_mass,[
biology_diagram_biologyPH1_q1_biologyPH1,[
bonding_chiral_chloro_fluoro_bromo_methane_Chiral_centers_cl_f_br_methane_1,[
bonding_chiral_chloro_fluoro_methane_Chiral_centers_cl_f_methane_1,[
bonding_chiral_chloro_fluoro_methane_chiral_centers_cl_f_methane_2,[
bonding_chiral_glyceraldehyde_Chiral_centers_glyceraldehyde,[
bonding_chiral_thr_Chiral_centers_thr,[
bonding_geometry1_bonding_geometry_1,[
bonding_geometry1_bonding_geometry_2,[
bonding_geometry1_bonding_geometry_3,[
bonding_geometry1_bonding_geometry_4,[
bonding_response_bonding_response_q1_bonding_response,[
inline_atoms_only_q1,[
inline_atoms_only_q2,[
inline_atoms_only_q3,[
inline_atoms_only_q4,[
inline_atoms_only_q6,[
inline_bonding_only_q1,[
inline_bonding_only_q2,[
inline_bonding_only_q3,[
inline_func_groups_q0,[
inline_func_groups_q0,[
inline_func_groups_q1,[
inline_func_groups_q2,[
inline_func_groups_q3,[
inline_water_only_q1,[
inline_water_only_q2,[
inline_water_only_q3,[
water_1_water_1_properties_water_1,[
water_structure_water_elements,[
water_structure_water_structure_representation1,[
biochem_atoms_protons_DIGT_q1_protons,[
biochem_atoms_protons_DIGT_q2_electrons,[
biochem_atoms_protons_DIGT_q3_neutrons,[
biochem_bonding_H_bonds-defined_LBD_q1,[
biochem_bonding_H_bonds_DIGT1_q1,[
biochem_bonding_H_bonds_DIGT1_q2,[
biochem_bonding_Hydrogen_bonds_LBD_q1,[
biochem_bonding_ammonia_DIGT_q1,[
biochem_bonding_covalent_DIGT_q1,[
biochem_bonding_covalent_DIGT_q2,[
biochem_bonding_covalent_DIGT_q3,[
biochem_bonding_electron_LBD_q1,[
biochem_bonding_electron_LBD_q2,[
biochem_bonding_electron_LBD_q3,[
biochem_bonding_interact_DIGT_q1,[
biochem_bonding_ionic_LBD2_q1,[
biochem_bonding_ionic_LBD2_q2,[
biochem_bonding_ionic_LBD2_q3,[
biochem_bonding_molec_form_LBD_q1,[
biochem_bonding_molec_form_LBD_q2,[
biochem_bonding_molec_form_LBD_q3,[
biochem_bonding_molec_formula_DIGT_q1,[
biochem_bonding_quiz_biochem_chemical_bonds_pool_q12,[
biochem_bonding_quiz_biochem_chemical_bonds_pool_q13,[
biochem_bonding_quiz_biochem_chemical_bonds_pool_q14,[
biochem_bonding_quiz_biochem_chemical_bonds_pool_q15,[
biochem_bonding_quiz_biochem_chemical_bonds_pool_q16,[
biochem_bonding_quiz_biochem_chemical_bonds_pool_q17,[
biochem_bonding_quiz_biochem_chemical_bonds_pool_q1,[
biochem_bonding_quiz_biochem_chemical_bonds_pool_q2,[
biochem_bonding_quiz_biochem_chemical_bonds_pool_q3,[
biochem_bonding_quiz_biochem_chemical_bonds_pool_q4,[
biochem_bonding_quiz_biochem_chemical_bonds_pool_q5,[
biochem_bonding_quiz_biochem_chemical_bonds_pool_q6,[
biochem_bonding_quiz_biochem_chemical_bonds_pool_q7,[
biochem_bonding_quiz_biochem_chemical_bonds_pool_q8,[
biochem_bonding_quiz_biochem_chemical_bonds_pool_q9,[
biochem_bonding_saltwater_submit_DIGT_q1,[
biochem_bonding_types_DIGT_q1,[
biochem_bonding_types_DIGT_q2,[
biochem_lipids_quiz_lipids_pool_a2_q10,[
biochem_lipids_quiz_lipids_pool_a2_q11,[
biochem_lipids_quiz_lipids_pool_a2_q12,[
biochem_lipids_quiz_lipids_pool_a2_q13,[
biochem_lipids_quiz_lipids_pool_a2_q14,[
biochem_lipids_quiz_lipids_pool_a2_q15,[
biochem_lipids_quiz_lipids_pool_a2_q16,[
biochem_lipids_quiz_lipids_pool_a2_q17,[
biochem_lipids_quiz_lipids_pool_a2_q18,[
biochem_lipids_quiz_lipids_pool_a2_q19,[
biochem_lipids_quiz_lipids_pool_a2_q1,[
biochem_lipids_quiz_lipids_pool_a2_q2,[
biochem_lipids_quiz_lipids_pool_a2_q3,[
biochem_lipids_quiz_lipids_pool_a2_q4,[
biochem_lipids_quiz_lipids_pool_a2_q5,[
biochem_lipids_quiz_lipids_pool_a2_q6,[
biochem_lipids_quiz_lipids_pool_a2_q7,[
inline_janes_cholesterol_levels_sc_q1_cholesterol_levels_findings,[
inline_lipids_characteristic_lipid-MB-08,[
inline_lipids_cholesterol_q1_lipids_cholesterol,[
inline_lipids_cholesterol_q2_lipids_steriods,[
inline_lipids_fatty_acids_DIGT_q1_saturated_fats,[
inline_lipids_fatty_acids_DIGT_q2_heart_disease_risk,[
inline_lipids_fatty_acids_characteristics_q1_cc_double_bond,[
inline_lipids_fatty_acids_characteristics_q2_glycerol,[
inline_lipids_fatty_acids_characteristics_q3_energy_sotrage,[
inline_lipids_fatty_acids_characteristics_q4_bent_carbon_chains,[
inline_lipids_fatty_acids_characteristics_q5_room_temperature,[
inline_lipids_fatty_acids_characteristics_q6_called_oils,[
inline_lipids_fatty_acids_hydrogenation_q1_vegetable_oil,[
inline_lipids_fatty_acids_hydrogenation_q2_chemical_level,[
inline_lipids_id_examples_q1_steroid,[
inline_lipids_id_examples_q2_fats_oils,[
inline_lipids_id_examples_q3_phospholipid,[
inline_lipids_key_characteristic_q1_lipid_key_characteristic,[
inline_lipids_phospholipids_structure_q1_sphere,[
inline_lipids_phospholipids_structure_q2_yellow_lines,[
inline_lipids_phospholipids_structure_q3_location_of_water,[
inline_lipids_phospholipids_structure_q4_cell_inside,[
inline_lipids_wax_structure_q1,[
inline_lipids_wax_structure_q2,[
inline_phospholipid_fatty_acids_cold_climates_q1_cold_climate,[
lipids_hydrophobic_v1_phospholipid_hyrdophobic,[
_u3_cell_membrane_fluidity_LBD_q1_prokaryote_membrane_fluidity,[
_u3_cell_membrane_fluidity_LBD_q2_bacteria_membrane_fluidity,[
_u3_m2_fluid_mosaics_DIGT__u3_m2_flued_mosaics_DIGT_q1,[
_u3_m2_fluid_mosaics_DIGT__u3_m2_flued_mosaics_DIGT_q2,[
_u3_m2_fluid_mosaics_DIGT__u3_m2_flued_mosaics_DIGT_q3,[
cell_membrane_quiz_cell_membrane_pool_a2_q1,[
cell_membrane_quiz_cell_membrane_pool_a2_q2,[
cell_membrane_quiz_cell_membrane_pool_a2_q3,[
cell_membrane_quiz_cell_membrane_pool_a2_q4a,[
cell_membrane_quiz_cell_membrane_pool_a2_q5a,[
cell_membrane_quiz_cell_membrane_pool_a2_q6a,[
cell_membrane_quiz_cell_membrane_pool_a2_q7,[
cell_membrane_quiz_cell_membrane_pool_a2_q8,[
inline_phospholipid_bilayer_q1_transport_needed,[
inline_phospholipid_bilayer_q2_oxygen_concentration,[
u3_m2_macro_and_function_LBD_q1_entire,[
u3_m2_macro_and_function_LBD_q1,[
u3_m2_macro_and_function_LBD_q1_inner_edge,[
u3_m2_macro_and_function_LBD_q1_integral,[
u3_m2_macro_and_function_LBD_q1_membrane,[
u3_m2_macro_and_function_LBD_q1_outer_edge,[
u3_m2_macro_and_function_LBD_q1_peripheral,[
u3_m2_macro_and_function_LBD_q1,[
u4_archaean_cell_membrane_func_DIGT_q1,[
u4_archaean_cell_membrane_func_DIGT_q2,[
u4_bacteria_parts_LBD_q1,[
u4_bacteria_parts_LBD_q2,[
u4_bacteria_parts_LBD_q3,[
a2_HS-metab-energetics_energetics_q1,[
a2_HS-metab-energetics_energetics_q2,[
a2_HS-metab-energetics_energetics_q3,[
a2_HS-metab-energetics_energetics_q5,[
a2_HS-metab-energetics_energetics_q6,[
a2_HS-metab-energetics_energetics_q7,[
a2_HS-metab-energetics_energetics_q8,[
inline_digit-metabolism_coupling_meta_coupling_01,[
inline_digit-metabolism_coupling_meta_coupling_02,[
inline_digit-metabolism_coupling_meta_coupling_03,[
inline_digit-metabolism_energy_metab-energy_01,[
inline_digit-metabolism_energy_metab-energy_02,[
inline_digit-metabolism_energy_metab-energy_03,[
inline_digit-metabolism_energy_metab-energy_04,[
inline_digit-metabolism_redox_metab_redox_01,[
inline_digit-metabolism_redox_metab_redox_02,[
inline_digit-metabolism_redox_metab_redox_03,[
inline_digit-metabolism_redox_metab_redox_04,[
inline_digit-metabolism_redox_metab_redox_05,[
inline_digit-metabolism_thermo_metab-thermo_01,[
inline_digit-metabolism_thermo_metab-thermo_02,[
inline_digit-metabolism_thermo_metab-thermo_03,[
inline_digit-metabolism_thermo_metab-thermo_04,[
a2_HS-pathway_regulation_pathways_q0,[
a2_HS-pathway_regulation_pathways_q1,[
a2_HS-pathway_regulation_pathways_q2,[
a2_HS-pathway_regulation_pathways_q3,[
a2_HS-pathway_regulation_pathways_q4,[
a2_HS-pathway_regulation_pathways_q5,[
a2_HS-pathway_regulation_pathways_q6,[
inline_digit-intrometabolism_intro_met_01,[
inline_digit-intrometabolism_intro_met_02,[
inline_digit-intrometabolism_intro_met_03,[
inline_digit-metabolism-regulation_metab-regul-01,[
inline_digit-metabolism-regulation_metab-regul-02,[
inline_digit-metabolism-regulation_metab-regul-03,[
inline_digit-metabolism-regulation_metab-regul-04,[
inline_digit-metabolism-regulation_metab-regul-05,[
inline_l30_metreg_inhibitor_q3,[
inline_l30_metreg_regulation_mcq_30_q01,[
inline_l30_metreg_regulation_mcq_30_q06,[
inline_l30_metreg_regulation_mcq_30_q07,[
regulation_response_regulation_response_q1_regulation_response,[
dynadrop_assessment_PCR_q1,[
dynadrop_assessment_PCR_q1,[
dynadrop_assessment_PCR_q1,[
dynadrop_assessment_PCR_q1_t,[
dynadrop_assessment_PCR_q1_t,[
dynadrop_assessment_PCR_q1_t,[
genetics_function_replication_lbd_q1,[
genetics_function_replication_lbd_q2,[
genetics_function_replication_lbd_q3,[
genetics_function_replication_lbd_q4,[
genetics_molecular_code_lbd_q1,[
genetics_molecular_crime_lbd_q1,[
genetics_molecular_crime_lbd_q2,[
genetics_molecular_crime_lbd_q3,[
genetics_molecular_czar_digt_q1,[
genetics_molecular_dna_info_digt_q1,[
genetics_molecular_helicase_digt_q1,[
genetics_molecular_helicase_digt_q2,[
genetics_molecular_helicase_digt_q3,[
genetics_molecular_location_lbd_q10,[
genetics_molecular_location_lbd_q1,[
genetics_molecular_location_lbd_q2,[
genetics_molecular_location_lbd_q3,[
genetics_molecular_location_lbd_q4,[
genetics_molecular_location_lbd_q5,[
genetics_molecular_location_lbd_q6,[
genetics_molecular_location_lbd_q7,[
genetics_molecular_location_lbd_q8,[
genetics_molecular_location_lbd_q9,[
genetics_molecular_pcr_digt_q1_DNA_PCR,[
genetics_molecular_pcr_digt_q2_DNA_PCR,[
genetics_molecular_pcr_digt_q3_DNA_PCR,[
genetics_molecular_pcr_digt_q4_DNA_PCR,[
genetics_molecular_pcr_digt_q5_DNA_PCR,[
genetics_molecular_pcr_digt_q6_DNA_PCR,[
genetics_molecular_pcr_digt_q7_DNA_PCR,[
genetics_molecular_quiz_genetics_molecular_DNA_m1_pool_q10,[
genetics_molecular_quiz_genetics_molecular_DNA_m1_pool_q1,[
genetics_molecular_quiz_genetics_molecular_DNA_m1_pool_q2,[
genetics_molecular_quiz_genetics_molecular_DNA_m1_pool_q2a,[
genetics_molecular_quiz_genetics_molecular_DNA_m1_pool_q3,[
genetics_molecular_quiz_genetics_molecular_DNA_m1_pool_q3a_bases,[
genetics_molecular_quiz_genetics_molecular_DNA_m1_pool_q4,[
genetics_molecular_quiz_genetics_molecular_DNA_m1_pool_q5,[
genetics_molecular_quiz_genetics_molecular_DNA_m1_pool_q6,[
genetics_molecular_quiz_genetics_molecular_DNA_m1_pool_q7,[
genetics_molecular_sequence_digt_q1_DNA_SEQUENCE,[
genetics_molecular_sequence_digt_q1_DNA_SEQUENCE,[
genetics_molecular_sequence_digt_q1_DNA_SEQUENCE,[
inline_DNA_replication_id_q1_DNA_replication_helix,[
inline_DNA_replication_id_q2_dbl_strand_code,[
inline_DNA_replication_id_q3_DNA_replic_labels,[
biochem_acid_or_base_DIGT_q1,[
biochem_acid_or_base_DIGT_q2,[
biochem_acid_or_base_DIGT_q3,[
biochem_nucleic-acids_quiz_nucleic_acids_pool_a2_q1,[
biochem_nucleic-acids_quiz_nucleic_acids_pool_a2_q5,[
biochem_nucleic-acids_quiz_nucleic_acids_pool_a2_q6,[
biochem_nucleic-acids_quiz_nucleic_acids_pool_a2_q7,[
biochem_nucleic-acids_quiz_nucleic_acids_pool_a2_q8,[
biochem_nucleic-acids_quiz_nucleic_acids_pool_a2_q9,[
biochem_nucleic-acids_quiz_u3_biomacromolecules_unit_quiz_pool_q10,[
biochem_nucleic-acids_quiz_u3_biomacromolecules_unit_quiz_pool_q11,[
biochem_nucleic-acids_quiz_u3_biomacromolecules_unit_quiz_pool_q12,[
biochem_nucleic-acids_quiz_u3_biomacromolecules_unit_quiz_pool_q13,[
biochem_nucleic-acids_quiz_u3_biomacromolecules_unit_quiz_pool_q14,[
biochem_nucleic-acids_quiz_u3_biomacromolecules_unit_quiz_pool_q15,[
biochem_nucleic-acids_quiz_u3_biomacromolecules_unit_quiz_pool_q16,[
biochem_nucleic-acids_quiz_u3_biomacromolecules_unit_quiz_pool_q17,[
biochem_nucleic-acids_quiz_u3_biomacromolecules_unit_quiz_pool_q18,[
biochem_nucleic-acids_quiz_u3_biomacromolecules_unit_quiz_pool_q19,[
biochem_nucleic-acids_quiz_u3_biomacromolecules_unit_quiz_pool_q1,[
biochem_nucleic-acids_quiz_u3_biomacromolecules_unit_quiz_pool_q20,[
biochem_nucleic-acids_quiz_u3_biomacromolecules_unit_quiz_pool_q21,[
biochem_nucleic-acids_quiz_u3_biomacromolecules_unit_quiz_pool_q22,[
biochem_nucleic-acids_quiz_u3_biomacromolecules_unit_quiz_pool_q23,[
biochem_nucleic-acids_quiz_u3_biomacromolecules_unit_quiz_pool_q24,[
biochem_nucleic-acids_quiz_u3_biomacromolecules_unit_quiz_pool_q25,[
biochem_nucleic-acids_quiz_u3_biomacromolecules_unit_quiz_pool_q26,[
biochem_nucleic-acids_quiz_u3_biomacromolecules_unit_quiz_pool_q27,[
biochem_nucleic-acids_quiz_u3_biomacromolecules_unit_quiz_pool_q28,[
biochem_nucleic-acids_quiz_u3_biomacromolecules_unit_quiz_pool_q29,[
biochem_nucleic-acids_quiz_u3_biomacromolecules_unit_quiz_pool_q2a,[
biochem_nucleic-acids_quiz_u3_biomacromolecules_unit_quiz_pool_q30,[
biochem_nucleic-acids_quiz_u3_biomacromolecules_unit_quiz_pool_q31,[
biochem_nucleic-acids_quiz_u3_biomacromolecules_unit_quiz_pool_q32,[
biochem_nucleic-acids_quiz_u3_biomacromolecules_unit_quiz_pool_q33,[
biochem_nucleic-acids_quiz_u3_biomacromolecules_unit_quiz_pool_q3a,[
biochem_nucleic-acids_quiz_u3_biomacromolecules_unit_quiz_pool_q47,[
biochem_nucleic-acids_quiz_u3_biomacromolecules_unit_quiz_pool_q48,[
biochem_nucleic-acids_quiz_u3_biomacromolecules_unit_quiz_pool_q49,[
biochem_nucleic-acids_quiz_u3_biomacromolecules_unit_quiz_pool_q4a,[
biochem_nucleic-acids_quiz_u3_biomacromolecules_unit_quiz_pool_q5,[
biochem_nucleic-acids_quiz_u3_biomacromolecules_unit_quiz_pool_q6,[
biochem_nucleic-acids_quiz_u3_biomacromolecules_unit_quiz_pool_q7,[
biochem_nucleic-acids_quiz_u3_biomacromolecules_unit_quiz_pool_q8,[
biochem_nucleic-acids_quiz_u3_biomacromolecules_unit_quiz_pool_q9,[
biochem_pH_define_DIGT_q1,[
biochem_pH_define_DIGT_q2,[
inline_na_DNA_RNA_compared_q1_building_block,[
inline_na_DNA_RNA_compared_q2_sugar_phosphate_backbone,[
inline_na_DNA_RNA_compared_q3_base_thats_diff,[
inline_na_DNA_structure_q1_bases_shown_in_JMOL,[
inline_na_DNA_structure_q2_DNA_srand_arrangment,[
inline_na_DNA_structure_q3_DNA_alt_structure,[
inline_na_DNA_structure_q4_type_chem_bond,[
inline_na_DNA_structure_q5_basepairing_rule,[
inline_na_id_5end_3end_q1_5end,[
inline_na_id_5end_3end_q2_DNA_ID_5end_3end,[
inline_na_nitogenous_bases_q1_nitro_bases,[
inline_na_nitogenous_bases_q2_adenine,[
inline_na_nitogenous_bases_q3_cytosine,[
inline_na_nitogenous_bases_q4_guanine,[
inline_na_nitogenous_bases_q5_thymine,[
inline_na_trinucleotide_q1_carbon_linked_to_base,[
inline_na_trinucleotide_q2_unlabeled_carbons,[
inline_na_trinucleotide_q3_labeled_sugar,[
inline_na_trinucleotide_q4_carbon_above_sugar,[
inline_na_trinucleotide_q5_carbon_below_sugar,[
inline_na_trinucleotide_q6_molecule_ends,[
nucleic_acids_ATP_energy_release_DIGT_q1,[
nucleic_acids_ATP_mass_LBD_q1,[
nucleic_acids_ATP_mass_LBD_q2,[
_m4_aa_folding_DIGT_q1,[
_m4_aa_folding_DIGT_q2,[
_m4_amino_acid_parts_DIGT_q1,[
_m4_amino_acid_parts_DIGT_q2,[
_m4_amino_acid_parts_DIGT_q3,[
_m4_amino_acid_parts_DIGT_q4,[
_m4_amino_acids_LBD_q1,[
_m4_amino_acids_LBD_q2,[
_m4_amino_acids_LBD_q3_serine,[
_m4_peptide_denature_LBD_q1,[
_m4_peptide_denature_LBD_q2,[
_m4_tripeptide_LBD_q1,[
_m4_tripeptide_LBD_q2,[
aa_proteins_quiz__m4_amino_acids_pool_q1,[
aa_proteins_quiz__m4_amino_acids_pool_q2,[
aa_proteins_quiz__m4_amino_acids_pool_q3,[
aa_proteins_quiz__m4_amino_acids_pool_q4,[
aa_proteins_quiz__m4_amino_acids_pool_q5,[
aa_proteins_quiz__m4_enzymes_pool_q1,[
aa_proteins_quiz__m4_enzymes_pool_q2,[
aa_proteins_quiz__m4_enzymes_pool_q3,[
aa_proteins_quiz__m4_enzymes_pool_q4,[
aa_proteins_quiz__m4_enzymes_pool_q5,[
aa_proteins_quiz__m4_enzymes_pool_q6,[
aa_proteins_quiz__m4_enzymes_pool_q7,[
aa_proteins_quiz__m4_proteins_pool_q1,[
aa_proteins_quiz__m4_proteins_pool_q2,[
aa_proteins_quiz__m4_proteins_pool_q3,[
aa_proteins_quiz__m4_proteins_pool_q4,[
aa_proteins_quiz__m4_proteins_pool_q5,[
aa_proteins_quiz__m4_proteins_pool_q6,[
proteins_oxygen_q1,[
proteins_oxygen_q2,[
proteins_oxygen_q3,[
proteins_oxygen_q4_biomacro_function,[
_m4_antacid_DIGT_q1,[
_m4_enzyme_catalysis_DIGT_q1,[
_m4_enzyme_catalysis_DIGT_q2,[
_m4_enzyme_curve_DIGT_q1,[
_m4_lactose_DIGT_q1,[
_m4_lactose_lactase_DIGT_q1,[
_m4_proteins_antibody_binding_LBD_q1,[
_m4_proteins_antibody_binding_LBD_q2,[
inline_bio_intro_abiotic_characteristics_q1_water,[
inline_bio_intro_abiotic_characteristics_q2_bacteria,[
inline_bio_intro_abiotic_characteristics_q3_glucose,[
inline_bio_intro_abiotic_characteristics_q4_cotton,[
inline_bio_intro_abiotic_characteristics_q5_carbon_dioxide,[
inline_bio_intro_abiotic_characteristics_q6_yogurt,[
inline_bio_intro_abiotic_characteristics_q7_cold_virus,[
inline_bio_intro_virus_abiotic_DIGT_q1_are_viruses_alive,[
inline_bio_intro_virus_characteristic_1v0_qv1_viruses_use_energy,[
inline_bio_intro_virus_characteristic_2v1_qv2_viruses_respond_to_environment,[
inline_bio_intro_virus_characteristic_3v0_qv3_viruses_reproduce_with_DNA,[
inline_bio_intro_virus_characteristic_4v0_qv4_viruses_one_or_more_cells,[
inline_first_emergent_property_level_q1,[
inline_intro_to_bio_DIGT_v1_q1_biology_branches,[
inline_intro_to_bio_DIGT_v1_q2_student_questions,[
inline_levels_of_organization_DIGT_q1_encompassing_level,[
inline_levels_of_organization_DIGT_q2_hamberger,[
inline_levels_of_organization_DIGT_q3,[
intro_biology_intro_quiz_intro_biology_intro_pool_q10,[
intro_biology_intro_quiz_intro_biology_intro_pool_q11,[
intro_biology_intro_quiz_intro_biology_intro_pool_q12_emer_prop,[
intro_biology_intro_quiz_intro_biology_intro_pool_q4,[
intro_biology_intro_quiz_intro_biology_intro_pool_q5,[
intro_biology_intro_quiz_intro_biology_intro_pool_q6,[
intro_biology_intro_quiz_intro_biology_intro_pool_q7,[
intro_biology_intro_quiz_intro_biology_intro_pool_q8,[
intro_biology_intro_quiz_intro_biology_intro_pool_q9,[
control_experimental_lbd_q1,[
control_experimental_lbd_q2,[
fairies_digt_q1,[
hpv_results_lbd_q1,[
hypothesis_yes_no_q1,[
hypothesis_yes_no_q2,[
hypothesis_yes_no_q3,[
hypothesis_yes_no_q4,[
inline_experiment_results_significance_DIGT_q1,[
inline_hpv_experiment_cv_q1_control_variables,[
inline_hpv_experiment_dv_q1_dependent_variable,[
inline_hpv_experiment_hypothesis_q1_hpv_hypo,[
inline_hpv_experiment_iv_q1_indepen_var,[
inline_hpv_experiment_significance_q2_next_question,[
intro_scientific_method_quiz_intro_scientific_method_pool_a2_q2a,[
intro_scientific_method_quiz_intro_scientific_method_pool_q1,[
intro_scientific_method_quiz_intro_scientific_method_pool_q2,[
intro_scientific_method_quiz_intro_scientific_method_pool_q3,[
intro_scientific_method_quiz_intro_scientific_method_pool_q4,[
pseudoscience_lbd_q1,[
pseudoscience_lbd_q2,[
what_is_science_digt2_q2_neurotransmitters,[
what_is_science_submit_q1,[
intro_themes_quiz_intro_themes_pool_q10,[
intro_themes_quiz_intro_themes_pool_q12,[
intro_themes_quiz_intro_themes_pool_q1,[
intro_themes_quiz_intro_themes_pool_q2,[
intro_themes_quiz_intro_themes_pool_q3,[
intro_themes_quiz_intro_themes_pool_q5,[
intro_themes_quiz_intro_themes_pool_q6,[
intro_themes_quiz_intro_themes_pool_q7,[
intro_themes_quiz_intro_themes_pool_q8,[
intro_themes_quiz_intro_themes_pool_q9,[
intro_themes_quiz_qintro_themes_pool_11,[
u1_themes_dandelion_LBD_q1,[
u1_themes_dandelion_LBD_q2,[
u1_themes_dandelion_LBD_q3,[
u1_themes_energy_and_matter_DIGT_q1,[
u1_themes_energy_and_matter_DIGT_q2,[
u1_themes_energy_and_matter_DIGT_q3,[
u1_themes_energy_and_matter_DIGT_q4,[
u1_themes_energy_and_matter_DIGT_q5,[
u1_themes_energy_flow_LBD_q1,[
u1_themes_energy_flow_LBD_q2,[
u1_themes_energy_flow_LBD_q3,[
u1_themes_energy_flow_LBD_q4,[
u1_themes_energy_flow_LBD_q5,[
u1_themes_energy_flow_LBD_q6,[
u1_themes_evolution_DIGT_q1,[
u1_themes_evolution_DIGT_q2,[
u1_themes_evolution_DIGT_q3,[
u1_themes_evolution_DIGT_q4,[
u1_themes_evolution_DIGT_q5,[
u1_themes_evolution_LBD_q1,[
u1_themes_evolution_LBD_q2,[
u1_themes_growth2_DIGT_q1,[
u1_themes_growth2_DIGT_q2,[
u1_themes_heat_energy_LBD_q1,[
u1_themes_homeostasis_human_pH_DIGT_q1,[
u1_themes_interdependence_DIGT_q1,[
u1_themes_interdependence_DIGT_q2,[
u1_themes_nutrients_DIGT_q1,[
u1_themes_nutrients_DIGT_q2,[
u1_themes_nutrients_DIGT_q3,[
u1_themes_nutrients_DIGT_q4,[
u1_themes_nutrients_DIGT_q5,[
u1_themes_nutrients_DIGT_q6,[
u1_themes_struct_func_DIGT_q1,[
u1_themes_struct_func_DIGT_q2,[
u1_themes_struct_func_LBD_q1,[
u1_themes_struct_func_LBD_q2,[
u1_themes_struct_func_LBD_q3,[
u1_themes_struct_func_LBD_q4,[
biochem_carbs_assemble_DIGT_q1,[
biochem_carbs_characteristic_DIGT_q1,[
biochem_carbs_characteristic_DIGT_q2,[
biochem_carbs_dietary_DIGT_q1,[
biochem_carbs_fiber_DIGT_q1,[
biochem_carbs_quiz_biochem_carbs_pool_q2,[
biochem_carbs_quiz_biochem_carbs_pool_q3,[
biochem_carbs_quiz_biochem_carbs_pool_q5,[
biochem_carbs_quiz_biochem_carbs_pool_q6,[
biochem_carbs_quiz_biochem_carbs_pool_q7,[
biochem_carbs_quiz_biochem_carbs_pool_q8,[
biochem_carbs_quiz_biochem_carbs_pool_q9,[
a2_HS-metab_tca_etran_tca_etrans_q0,[
a2_HS-metab_tca_etran_tca_etrans_q1,[
a2_HS-metab_tca_etran_tca_etrans_q3,[
a2_HS-metab_tca_etran_tca_etrans_q4,[
a2_HS-metab_tca_etran_tca_etrans_q5,[
a2_HS-metab_tca_etran_tca_etrans_q6,[
inline_digit-metabolism_etrans_atp_meta_etrans_atp_01,[
inline_digit-metabolism_etrans_atp_meta_etrans_atp_02,[
inline_digit-metabolism_etrans_atp_meta_etrans_atp_03,[
inline_digit-metabolism_etrans_atp_meta_etrans_atp_04,[
inline_digit-metabolism_etrans_atp_meta_etrans_atp_05,[
inline_energy_defined_q1_chem_energy_not,[
inline_energy_defined_q2_energy-def,[
inline_energy_defined_q3_potential_energy_ex,[
inline_energy_flow_q1_energy_form_form_of,[
inline_energy_flow_q2_energy_source_energy,[
inline_energy_flow_q3_energy_transformation_energy,[
inline_energy_photosyn_constructn-blks_q1_photosyn_raw_materials_raw,[
inline_energy_photosyn_constructn-blks_q2_photosyn_energy-source_energy,[
inline_energy_photosyn_constructn-blks_q3_photosyn_product,[
inline_energy_transformation_q1_energy_lost,[
inline_energy_transformation_q2_no_sunlight,[
inline_plants-and-energy_q1,[
atp_build_hotspot1_q1,[
atp_build_hotspot1_q2_ribose,[
atp_build_hotspot1_q3,[
atp_build_hotspot1_q4_phosphate,[
atp_build_hotspot1_q5,[
inline_ATP_ADP_difference_q1_structure_diff,[
inline_atp_components_q1_adenine,[
inline_atp_components_q2_phosphate,[
inline_atp_components_q3_deoxyribose,[
inline_atp_components_q4_guanine,[
inline_atp_components_q4_ribose,[
inline_cellular_work_q1,[
inline_why_hydrolysis_releases_energy_q1_why_hyrdolysis_releases_energy,[
inline_why_hydrolysis_releases_energy_q2_reaction_to_build_ATP,[
inline_why_hydrolysis_releases_energy_q3_why_energy_is_required,[
inline_why_hydrolysis_releases_energy_q4_effect_of_combining_like_charges,[
inline-metab_pathway_types_q1_cell_resp,[
inline-metab_pathway_types_q2_photosynthesis,[
inline-metab_pathway_types_q3_synthesize_starch,[
inline-metab_pathway_types_q4_digest_food_molecules,[
inline-metab_pathway_types_q5_build_complex_products,[
inline-metab_pathway_types_q6_release_energy,[
inline-metab_pathway_types_q7_requires_energy,[
inline-metab_pathway_types_q8_break_down_molecules,[
inline_anabolic_reactions_energy_source_SC_q1_atp_energy_source,[
inline_metab_ac_transfer_ATP_LBD_q1,[
inline_metab_ac_transfer_ATP_LBD_q2,[
inline_metab_ac_transfer_ATP_LBD_q3,[
inline_metab_ac_transfer_ATP_LBD_q4,[
inline_metab_high_energy_molecules_q1_high_energy_molecules,[
inline_metab_high_energy_molecules_q2_energy_source,[
inline_metab_high_energy_molecules_q3_atp,[
inline_metab_high_energy_molecules_q4_energy_reation,[
metab_energy_quiz_metab_energy_pool_part2_q10,[
metab_energy_quiz_metab_energy_pool_part2_q11,[
metab_energy_quiz_metab_energy_pool_part2_q13,[
metab_energy_quiz_metab_energy_pool_part2_q14,[
metab_energy_quiz_metab_energy_pool_part2_q16,[
metab_energy_quiz_metab_energy_pool_part2_q17,[
metab_energy_quiz_metab_energy_pool_part2_q18,[
metab_energy_quiz_metab_energy_pool_part2_q1a,[
metab_energy_quiz_metab_energy_pool_part2_q2,[
metab_energy_quiz_metab_energy_pool_part2_q3,[
metab_energy_quiz_metab_energy_pool_part2_q4,[
metab_energy_quiz_metab_energy_pool_part2_q5,[
metab_energy_quiz_metab_energy_pool_part2_q6,[
metab_energy_quiz_metab_energy_pool_part2_q7a,[
metab_energy_quiz_metab_energy_pool_part2_q9,[
metab_energy_quiz_metab_energy_pool_q10,[
metab_energy_quiz_metab_energy_pool_q11a,[
metab_energy_quiz_metab_energy_pool_q12,[
metab_energy_quiz_metab_energy_pool_q13,[
metab_energy_quiz_metab_energy_pool_q14,[
metab_energy_quiz_metab_energy_pool_q1,[
metab_energy_quiz_metab_energy_pool_q2,[
metab_energy_quiz_metab_energy_pool_q3,[
metab_energy_quiz_metab_energy_pool_q4,[
metab_energy_quiz_metab_energy_pool_q5,[
metab_energy_quiz_metab_energy_pool_q6,[
metab_energy_quiz_metab_energy_pool_q7,[
metab_energy_quiz_metab_energy_pool_q8,[
metab_energy_quiz_metab_energy_pool_q9,[
a2_HS-metab-glycolysis_glycolysis_q0,[
a2_HS-metab-glycolysis_glycolysis_q1,[
a2_HS-metab-glycolysis_glycolysis_q2,[
a2_HS-metab-glycolysis_glycolysis_q3,[
a2_HS-metab-glycolysis_glycolysis_q4,[
a2_HS-metab-glycolysis_glycolysis_q5,[
a2_HS-metab-glycolysis_glycolysis_q6,[
a2_HS-metab-glycolysis_glycolysis_q7,[
a2_HS-metab-glycolysis_glycolysis_q8,[
glycolysis_spontaneous_glycolysis_spontaneity,[
inline_digit-metabolism_glycolysis_metab-glyco_01,[
inline_digit-metabolism_glycolysis_metab-glyco_02,[
inline_digit-metabolism_glycolysis_metab-glyco_03,[
inline_digit-metabolism_glycolysis_metab-glyco_04,[
inline_digit-metabolism_glycolysis_metab-glyco_05,[
inline_digit-metabolism_glycolysis_metab-glyco_06,[
inline_digit-metabolism_tca_metab_tca_01,[
inline_digit-metabolism_tca_metab_tca_02,[
inline_digit-metabolism_tca_metab_tca_03,[
inline_digit-metabolism_tca_metab_tca_04,[
inline_digit-metabolism_tca_metab_tca_05,[
_u3_cells_theory_tenets_DIGT_q1,[
