_u3_cell_cycle_DIGT_q1_DNA_rep_stage,dna synthesis
_u3_cell_cycle_DIGT_q2_interphase,muscles
_u3_cell_cycle_DIGT_q3_daughter_cells,structure
_u3_cell_cycle_DIGT_q4_growing_stage,following
_u3_cell_cycle_DIGT_q5_DNA_check_stage,equilibrium
cells_and_chromosomes_quiz_cells_and_chromosomes_modquiz_pool_q10,life
cells_and_chromosomes_quiz_cells_and_chromosomes_modquiz_pool_q11,new
cells_and_chromosomes_quiz_cells_and_chromosomes_modquiz_pool_q12,bases
cells_and_chromosomes_quiz_cells_and_chromosomes_modquiz_pool_q13,protein
cells_and_chromosomes_quiz_cells_and_chromosomes_modquiz_pool_q14,bases
cells_and_chromosomes_quiz_cells_and_chromosomes_modquiz_pool_q15,genes
cells_and_chromosomes_quiz_cells_and_chromosomes_modquiz_pool_q16,acidic
cells_and_chromosomes_quiz_cells_and_chromosomes_modquiz_pool_q17,enzyme
cells_and_chromosomes_quiz_cells_and_chromosomes_modquiz_pool_q18,carrying genetic information
cells_and_chromosomes_quiz_cells_and_chromosomes_modquiz_pool_q19,ph
cells_and_chromosomes_quiz_cells_and_chromosomes_modquiz_pool_q1,energy
cells_and_chromosomes_quiz_cells_and_chromosomes_modquiz_pool_q2,membranes
cells_and_chromosomes_quiz_cells_and_chromosomes_modquiz_pool_q3,changing
cells_and_chromosomes_quiz_cells_and_chromosomes_modquiz_pool_q4,cell
cells_and_chromosomes_quiz_cells_and_chromosomes_modquiz_pool_q5,molecule
cells_and_chromosomes_quiz_cells_and_chromosomes_modquiz_pool_q6,membrane
cells_and_chromosomes_quiz_cells_and_chromosomes_modquiz_pool_q7,meiosis
cells_and_chromosomes_quiz_cells_and_chromosomes_modquiz_pool_q8,atom
cells_and_chromosomes_quiz_cells_and_chromosomes_modquiz_pool_q9,hydrogens
inline_DNA_structure_at_replication_DIGT_q1,cell
inline_DNA_structure_at_replication_DIGT_q2_m_phase,protein
inline_cell_repl_counting_chromosomes_q1,dna
inline_cell_repl_counting_chromosomes_q2,population
inline_cell_repl_counting_chromosomes_q3,genes
inline_cell_repl_counting_chromosomes_q4,rna
inline_cell_repl_counting_chromosomes_DIGT_q1,atp
inline_cell_repl_counting_chromosomes_DIGT_q2,population
inline_cell_repl_counting_chromosomes_DIGT_q3,concentration
inline_cell_repl_counting_chromosomes_DIGT_q4,proteins
inline_chromosome_regions_DIGT_q1,population
inline_chromosome_regions_DIGT_q2,structure
inline_chromosome_regions_DIGT_q3_chromatids,following
inline_chromosome_regions_DIGT_q4_centromeres,ions
inline_chromosomes_LBD_q1,glucose
inline_chromosomes_LBD_q2,enzyme
inline_chromosomes_LBD_q3,equilibrium
inline_distinguish_cell_type_DIGT_q1,cell
inline_distinguish_cell_type_DIGT_q2,plants
inline_distinguish_cell_type_DIGT_q3_somatic_cells,genes
inline_distinguish_cell_type_DIGT_q4_gametes,acids
inline_gamete_cells_function_LBD_q1,cellular respiration
inline_gamete_cells_function_LBD_q2,change
inline_gamete_cells_function_LBD_q3,acidity
inline_gamete_cells_function_LBD_q4,left
inline_gamete_cells_function_LBD_q5,bacteria
_u3_cell_structure_functions_DIGT_q1,cell
_u3_cell_structure_functions_DIGT_q2,operon
dynadrop_assessment_punnett_q1_cap,dna
dynadrop_assessment_punnett_q1_cap,dna
dynadrop_assessment_punnett_q1_cap,dna
dynadrop_assessment_punnett_q1_small,dna
dynadrop_assessment_punnett_yr_q1_2cap,enzyme
dynadrop_assessment_punnett_yr_q1_2cap,enzyme
dynadrop_assessment_punnett_yr_q1_2cap,enzyme
dynadrop_assessment_punnett_yr_q1_2cap,enzyme
dynadrop_assessment_punnett_yr_q1_2small,enzyme
dynadrop_assessment_punnett_yr_q1_2small,enzyme
dynadrop_assessment_punnett_yr_q1_2small,enzyme
dynadrop_assessment_punnett_yr_q1_2small,enzyme
dynadrop_assessment_punnett_yr_q1_capSmall,enzyme
dynadrop_assessment_punnett_yr_q1_capSmall,enzyme
dynadrop_assessment_punnett_yr_q1_capSmall,enzyme
dynadrop_assessment_punnett_yr_q1_capSmall,enzyme
dynadrop_assessment_punnett_yr_q1_capSmall,enzyme
dynadrop_assessment_punnett_yr_q1_capSmall,enzyme
dynadrop_assessment_punnett_yr_q1_capSmall,enzyme
dynadrop_assessment_punnett_yr_q1_capSmall,enzyme
genetics_heredity_albino_digt_q1,rna
genetics_heredity_albino_digt_q2,like
genetics_heredity_cell_division_digt_q1,like
genetics_heredity_cell_division_digt_q2,cell
genetics_heredity_cells_LBD_q1,organism
genetics_heredity_cells_LBD_q2,dna
genetics_heredity_cells_LBD2_q1,trait
genetics_heredity_chromosome_digt_q1,following
genetics_heredity_chromosome_digt_q2,cycles
genetics_heredity_chromosome_digt_q3,bond
genetics_heredity_chromosome_digt_q4,organism
genetics_heredity_cystic_q1,bacteria
genetics_heredity_dihybrid_lbd_q1_y,enzyme
genetics_heredity_dihybrid_lbd_q2_y,electrons
genetics_heredity_dihybrid_lbd_q3_g,muscles
genetics_heredity_dihybrid_lbd_q4_g,acids
genetics_heredity_flowers_LBD_q1,bacteria
genetics_heredity_flowers_LBD_q2,electrons
genetics_heredity_flowers_LBD3_q1,cell
genetics_heredity_geno_pheno_digt_q1,dna synthesis
genetics_heredity_geno_pheno_digt_q2_segr_law,oxygen
genetics_heredity_geno_pheno_digt_q3_prediction,acidic
genetics_heredity_heteroxygous_digt_q1,dna
genetics_heredity_heterozygous_text_q1,dna
genetics_heredity_heterozygous_text_q2,electrons
genetics_heredity_independent_assortment_lbd_q1,protein
genetics_heredity_independent_assortment_lbd_q2,following
genetics_heredity_independent_assortment_lbd_q3,scientific
genetics_heredity_independent_assortment_lbd_q4,different
genetics_heredity_meiosis_digt_q1,
genetics_heredity_meiosis_digt_q2,greenhouse
genetics_heredity_meiosis_digt_q3,membranes
genetics_heredity_meiosis_digt_q4,like
genetics_heredity_meiosis_digt_q5,kinetic energy
genetics_heredity_meiosis_digt_q6,electrons
genetics_heredity_meiosis_lbd_q1,protein
genetics_heredity_mendells_contribution_SC_g1_qsub,energy
genetics_heredity_punnett_lbd_q1,original
genetics_heredity_punnett_lbd_q2,universal meaning
genetics_heredity_quiz_genetics_heredity_pool_q10,trophic level
genetics_heredity_quiz_genetics_heredity_pool_q11,acids
genetics_heredity_quiz_genetics_heredity_pool_q12,species
genetics_heredity_quiz_genetics_heredity_pool_q13,group
genetics_heredity_quiz_genetics_heredity_pool_q14,carbon
genetics_heredity_quiz_genetics_heredity_pool_q15,enzyme
genetics_heredity_quiz_genetics_heredity_pool_q17,structure
genetics_heredity_quiz_genetics_heredity_pool_q18,variable
genetics_heredity_quiz_genetics_heredity_pool_q19,trophic level
genetics_heredity_quiz_genetics_heredity_pool_q1,new
genetics_heredity_quiz_genetics_heredity_pool_q20,cellular respiration
genetics_heredity_quiz_genetics_heredity_pool_q21,science
genetics_heredity_quiz_genetics_heredity_pool_q22,like
genetics_heredity_quiz_genetics_heredity_pool_q23_beans,example
genetics_heredity_quiz_genetics_heredity_pool_q24_beans,operon
genetics_heredity_quiz_genetics_heredity_pool_q25,cell
genetics_heredity_quiz_genetics_heredity_pool_q26,ions
genetics_heredity_quiz_genetics_heredity_pool_q27,pathway
genetics_heredity_quiz_genetics_heredity_pool_q2,operon
genetics_heredity_quiz_genetics_heredity_pool_q3,like
genetics_heredity_quiz_genetics_heredity_pool_q4,acidity
genetics_heredity_quiz_genetics_heredity_pool_q5,acid
genetics_heredity_quiz_genetics_heredity_pool_q6_tongue,proteins
genetics_heredity_quiz_genetics_heredity_pool_q7_tongue,prokaryotes
genetics_heredity_quiz_genetics_heredity_pool_q8_tongue,reaction
genetics_heredity_quiz_genetics_heredity_pool_q9,energy
genetics_heredity_spaniels_digt_q1,operon
genetics_heredity_spaniels_digt_q2,protein
genetics_heredity_two_traits_digt_q1,protons
cell_division_meiosis_quiz_cell_division_meiosis_quiz_pool_q10,life
cell_division_meiosis_quiz_cell_division_meiosis_quiz_pool_q1,question
cell_division_meiosis_quiz_cell_division_meiosis_quiz_pool_q2,plants
cell_division_meiosis_quiz_cell_division_meiosis_quiz_pool_q3,process
cell_division_meiosis_quiz_cell_division_meiosis_quiz_pool_q4,pathway
cell_division_meiosis_quiz_cell_division_meiosis_quiz_pool_q5,meiosis
cell_division_meiosis_quiz_cell_division_meiosis_quiz_pool_q6,cell
cell_division_meiosis_quiz_cell_division_meiosis_quiz_pool_q7,binding
cell_division_meiosis_quiz_cell_division_meiosis_quiz_pool_q8,cellular respiration
cell_division_meiosis_quiz_cell_division_meiosis_quiz_pool_q9,structure
inline_meiosis-1_asexual_cell_division_q1,energy
inline_meiosis-1_asexual_cell_division_q2,cell
inline_meiosis-2_sex_vs_asex_DIGT_q1,population
inline_meiosis-2_sex_vs_asex_DIGT_q2,rna
inline_meiosis-3_mitosis_vs_meiosis_LBD_q1,equilibrium
inline_meiosis-3_mitosis_vs_meiosis_LBD_q2,protein
inline_meiosis-3_mitosis_vs_meiosis_LBD_q3,fungi
inline_meiosis-3_mitosis_vs_meiosis_LBD_q4,blood
inline_meiosis-3_mitosis_vs_meiosis_LBD_q5,plants
inline_meiosis-5_daughter-cells_LBD_q1,stranded
inline_meiosis-5_daughter-cells_LBD_q2,enzyme
inline_meiosis-6_telophase_LBD_q1,genes
inline_meiosis-6_telophase_LBD_q2_nbr_chromosomes_chromosome,chromosomes
inline_meiosis-6_telophase_LBD_q3_genetic_variability,structure
inline_meiosis-6_telophase_LBD_q4_chromatids_separated,binding
inline_meiosis-7_non-disjunct_DIGT_q1,structure
inline_meiosis-8_importance_DIGT_q1,cell
cell_div_mitosis_quiz_cell_div_mitosis_quiz_pool_q1,sexually organisms
cell_div_mitosis_quiz_cell_div_mitosis_quiz_pool_q2,bonds
cell_div_mitosis_quiz_cell_div_mitosis_quiz_pool_q3,temperature
cell_div_mitosis_quiz_cell_div_mitosis_quiz_pool_q4,trophic level
cell_div_mitosis_quiz_cell_div_mitosis_quiz_pool_q5,enzyme
cell_div_mitosis_quiz_cell_div_mitosis_quiz_pool_q6,structure
cell_div_mitosis_quiz_cell_div_mitosis_quiz_pool_q7,acids
cell_div_mitosis_quiz_cell_div_mitosis_quiz_pool_q8,bond
inline_cell_cycle_irregular_cancer_q1,ions
inline_cell_cycle_irregular_cancer_q2,reaction
inline_cell_cycle_irregular_cancer_q3,stranded
inline_cell_repl_mitosis_function_q1,cells
inline_cell_repl_predict_genes_DIGT_q1,example
inline_cell_repl_predict_genes_DIGT_q2,organism
inline_cell_repl_predict_genes_DIGT_q3,bond
inline_cell_repl_predict_genes_DIGT_q4,acidic
inline_cell_structures_and_function_q1,genes
inline_cell_structures_and_function_q2,atoms
inline_cell_structures_and_function_q3,protein
inline_m1_prophase_LBD_q1,atom
inline_m1_prophase_LBD_q2,different
inline_m1_prophase_function_DIGT_q1,organism
inline_m1_prophase_function_DIGT_q2,following
inline_m1_prophase_function_DIGT_q3,cells
inline_m2_metaphase_LBD_q1,humans
inline_m3_anaphase_function_DIGT_q1,atom
inline_m3_anaphase_function_DIGT_q2,chromosome
inline_m4_telophase_DIGT_q1,greenhouse
inline_mitosis_phases_DIGT_q1,energy
inline_mitosis_phases_DIGT_q2,binding
inline_mitosis_phases_DIGT_q3,molecules
inline_mitosis_phases_DIGT_q4,main concepts
inline_na_DNA_role_q1_RNA_primary_function,acids
inline_na_DNA_role_q2_DNA_makes_what_process,sexually organisms
inline_na_DNA_role_q2_DNA_makes_what,sexually organisms
inline_na_DNA_role_q3_number_of_bases_to_code_amino_acid,acidity
molecular_genes_BCRA_digt_q1,bases
molecular_genes_codons_digt_q1,proteins
molecular_genes_codons_digt_q2,stranded
molecular_genes_codons_digt_q3,cellular respiration
molecular_genes_codons_digt_q4,cell
molecular_genes_codons_digt_q5,electron
molecular_genes_codons_lbd_q1,color
molecular_genes_codons_lbd_q2,membrane
molecular_genes_codons_lbd_q3,atp
molecular_genes_codons_lbd_q4,cell
molecular_genes_mutation_digt_q1,example
molecular_genes_mutation_digt_q2,changing
molecular_genes_mutation_lbd_q1,following
molecular_genes_mutation_lbd_q2,population
molecular_genes_mutation_lbd_q3,blood
molecular_genes_mutation_lbd_q4,bond
molecular_genes_mutation_lbd_q5,dna
molecular_genes_mutation_lbd_q6,dna
molecular_genes_mutation_lbd_q7,bacteria
molecular_genes_mutation_lbd_q8,acidity
molecular_genes_quiz_molecular_genes_m2quiz_pool_q10,binding
molecular_genes_quiz_molecular_genes_m2quiz_pool_q1,greenhouse
molecular_genes_quiz_molecular_genes_m2quiz_pool_q2,acids
molecular_genes_quiz_molecular_genes_m2quiz_pool_q3,bacteria
molecular_genes_quiz_molecular_genes_m2quiz_pool_q4,molecule
molecular_genes_quiz_molecular_genes_m2quiz_pool_q5,pathway
molecular_genes_quiz_molecular_genes_m2quiz_pool_q6,cell
molecular_genes_quiz_molecular_genes_m2quiz_pool_q7,electron
molecular_genes_quiz_molecular_genes_m2quiz_pool_q8,proteins
molecular_genes_quiz_molecular_genes_m2quiz_pool_q9,glucose
molecular_genes_replication_lbd_q1_rep,genes
molecular_genes_replication_lbd_q2_rep,organism
molecular_genes_replication_lbd_q3_rep,following
molecular_genes_replication_lbd_q4_rep,structures
molecular_genes_replication_lbd_q5,molecules
molecular_genes_replication_lbd_q5_rep,form
molecular_genes_transcription_compare_digt_q10,plants
molecular_genes_transcription_compare_digt_q11,electrons
molecular_genes_transcription_compare_digt_q1,structure
molecular_genes_transcription_compare_digt_q2,protein
molecular_genes_transcription_compare_digt_q3,parts
molecular_genes_transcription_compare_digt_q4,ph
molecular_genes_transcription_compare_digt_q5,like
molecular_genes_transcription_compare_digt_q6,enzyme
molecular_genes_transcription_compare_digt_q7,following
molecular_genes_transcription_compare_digt_q8,different
molecular_genes_transcription_compare_digt_q9,specific
molecular_genes_types_digt_q1,trophic level
nucleic_acid_building_protein_LBD_q1,acid
nucleic_acid_building_protein_LBD_q2,bond
nucleic_acid_building_protein_LBD_q3,trophic level
nucleic_acid_building_protein_LBD_q4,dna
nucleic_acids_building_protein_DIGT_q1,dna synthesis
nucleic_acids_building_protein_DIGT_q2,enzymes
nucleic_acids_building_protein_DIGT_q3,bond
CRP_lbd_q1,bases
CRP_lbd_q2,bases
genetics_gene_regulation_quiz_genetics_molecular_gene_regulation_pool_q10,following
genetics_gene_regulation_quiz_genetics_molecular_gene_regulation_pool_q11,ph
genetics_gene_regulation_quiz_genetics_molecular_gene_regulation_pool_q12,bases
genetics_gene_regulation_quiz_genetics_molecular_gene_regulation_pool_q13,molecule
genetics_gene_regulation_quiz_genetics_molecular_gene_regulation_pool_q1,time
genetics_gene_regulation_quiz_genetics_molecular_gene_regulation_pool_q2,hydrogens
genetics_gene_regulation_quiz_genetics_molecular_gene_regulation_pool_q3,acidity
genetics_gene_regulation_quiz_genetics_molecular_gene_regulation_pool_q4,cell
genetics_gene_regulation_quiz_genetics_molecular_gene_regulation_pool_q5,parts
genetics_gene_regulation_quiz_genetics_molecular_gene_regulation_pool_q6,acidic
genetics_gene_regulation_quiz_genetics_molecular_gene_regulation_pool_q7,atom
genetics_gene_regulation_quiz_genetics_molecular_gene_regulation_pool_q8,oxygen
genetics_gene_regulation_quiz_genetics_molecular_gene_regulation_pool_q9,organism
glucose_lactose_digt_q1_gluc_lac_A,conditions
glucose_lactose_digt_q1_gluc_lac_B,conditions
glucose_lactose_digt_q1_gluc_lac_C,conditions
glucose_lactose_digt_q2_gluc_lac_A_gl,carbon
glucose_lactose_digt_q2_gluc_lac_B_gl,carbon
glucose_lactose_digt_q2_gluc_lac_C_gl,carbon
glucose_lactose_digt_q3_gluc_lac_A_gl,humans
glucose_lactose_digt_q3_gluc_lac_B_gl,humans
glucose_lactose_digt_q3_gluc_lac_C_gl,humans
glucose_lactose_digt_q4_gluc_lac_A_gl,glycogen
glucose_lactose_digt_q4_gluc_lac_B_gl,glycogen
glucose_lactose_digt_q4_gluc_lac_C_gl,glycogen
molecular_structure_on_off_digt_q1,strand
molecular_structure_on_off_digt_q2,oxygen
molecular_structure_on_off_digt_q3,acidity
operon_lbd_q1,glycogen
operon_lbd_q2,pathway
operon_lbd_q3,carbon
operon_lbd_q4,dna
operon_lbd_q5,bases
prokaryotic_vs_eukaryotic_digt_q1,following
prokaryotic_vs_eukaryotic_digt_q2,water
prokaryotic_vs_eukaryotic_digt_q3,bacteria
prokaryotic_vs_eukaryotic_digt_q4,rna
prokaryotic_vs_eukaryotic_digt_q5,acidic
protein_coding_gene_parts_digt_q1,protein
repressor_digt_q1_rep_A,cell
repressor_digt_q1_rep_B,cell
repressor_digt_q2_rep_A_rep,atom
repressor_digt_q2_rep_B_rep,atom
tryptophan2_digt_q1,molecules
tryptophan_digt_q1,atp
what_affects_phenotype_digt_q1,structure
whats_a_gene_digt_q1,electrons
whats_a_gene_digt_q2,atom
a2_HS-AWB-01_bonding-02,science
a2_HS-AWB-01_bonding-03,like
a2_HS-AWB-01_bonding-04,plants
a2_HS-AWB-01_bonding-05,soil
a2_HS-AWB-01_bonding-06,example
a2_HS-AWB-01_bonding-07,population
a2_HS-AWB-01_bonding-08,life
a2_HS-AWB-01_bonding-09,acidity
a2_HS-AWB-01_bonding-10,chromosome
a2_HS-AWB-01_bonding-11,number
a2_HS-AWB-01_bonding-12,meiosis
a2_HS-AWB-01_bonding-13,steps
a2_HS-AWB-01_bonding-14,cell
a2_HS-AWB-01_bonding-15,stranded
a2_HS-AWB-01_bonding-17,change
a2_HS-AWB-01_water-01,bacteria
a2_HS-AWB-01_water-02,atoms
a2_HS-AWB-01_water-03,pathway
a2_HS-AWB-01_water-04,electrons
a2_HS-AWB-01_water-05,acidic
a2_HS-AWB-01_water-06,means
a2_HS-AWB-01_water-07,water
a2_HS-AWB-01_water-08,feedback
atoms_glucose_mass_number_bonds,membrane
atoms_nitrogen_mass_mass_glucose,atomic
atoms_nitrogen_mass_nitrogen_mass,population
atoms_nitrogen_mass_nitrogen_mass,population
atoms_nitrogen_mass_nitrogen_mass,population
biology_diagram_biologyPH1_q1_biologyPH1,end
bonding_chiral_chloro_fluoro_bromo_methane_Chiral_centers_cl_f_br_methane_1,ph
bonding_chiral_chloro_fluoro_methane_Chiral_centers_cl_f_methane_1,bonds
bonding_chiral_chloro_fluoro_methane_chiral_centers_cl_f_methane_2,generation
bonding_chiral_glyceraldehyde_Chiral_centers_glyceraldehyde,following
bonding_chiral_thr_Chiral_centers_thr,dna
bonding_geometry1_bonding_geometry_1,proteins
bonding_geometry1_bonding_geometry_2,processes
bonding_geometry1_bonding_geometry_3,use
bonding_geometry1_bonding_geometry_4,rna
bonding_response_bonding_response_q1_bonding_response,organism
inline_atoms_only_q1,atom
inline_atoms_only_q2,acidic
inline_atoms_only_q3,group
inline_atoms_only_q4,question
inline_atoms_only_q6,science
inline_bonding_only_q1,energy
inline_bonding_only_q2,called
inline_bonding_only_q3,chromosomes
inline_func_groups_q0,study
inline_func_groups_q0,study
inline_func_groups_q1,pathway
inline_func_groups_q2,dna
inline_func_groups_q3,following
inline_water_only_q1,reaction
inline_water_only_q2,following
inline_water_only_q3,oxygen
water_1_water_1_properties_water_1,cell
water_structure_water_elements,glucose
water_structure_water_structure_representation1,operon
biochem_atoms_protons_DIGT_q1_protons,pathway
biochem_atoms_protons_DIGT_q2_electrons,log
biochem_atoms_protons_DIGT_q3_neutrons,acidity
biochem_bonding_H_bonds-defined_LBD_q1,dna
biochem_bonding_H_bonds_DIGT1_q1,scientific
biochem_bonding_H_bonds_DIGT1_q2,like
biochem_bonding_Hydrogen_bonds_LBD_q1,carbons
biochem_bonding_ammonia_DIGT_q1,blood
biochem_bonding_covalent_DIGT_q1,molecules
biochem_bonding_covalent_DIGT_q2,species
biochem_bonding_covalent_DIGT_q3,energy
biochem_bonding_electron_LBD_q1,strand
biochem_bonding_electron_LBD_q2,enzyme
biochem_bonding_electron_LBD_q3,chromosome
biochem_bonding_interact_DIGT_q1,genes
biochem_bonding_ionic_LBD2_q1,acidic
biochem_bonding_ionic_LBD2_q2,plants
biochem_bonding_ionic_LBD2_q3,enzyme
biochem_bonding_molec_form_LBD_q1,chromosomes
biochem_bonding_molec_form_LBD_q2,molecules
biochem_bonding_molec_form_LBD_q3,greenhouse
biochem_bonding_molec_formula_DIGT_q1,plants
biochem_bonding_quiz_biochem_chemical_bonds_pool_q12,photosynthesis
biochem_bonding_quiz_biochem_chemical_bonds_pool_q13,following
biochem_bonding_quiz_biochem_chemical_bonds_pool_q14,dna sequence
biochem_bonding_quiz_biochem_chemical_bonds_pool_q15,structure
biochem_bonding_quiz_biochem_chemical_bonds_pool_q16,different
biochem_bonding_quiz_biochem_chemical_bonds_pool_q17,following
biochem_bonding_quiz_biochem_chemical_bonds_pool_q1,oxygen
biochem_bonding_quiz_biochem_chemical_bonds_pool_q2,species
biochem_bonding_quiz_biochem_chemical_bonds_pool_q3,cell
biochem_bonding_quiz_biochem_chemical_bonds_pool_q4,blood
biochem_bonding_quiz_biochem_chemical_bonds_pool_q5,following
biochem_bonding_quiz_biochem_chemical_bonds_pool_q6,oxygen
biochem_bonding_quiz_biochem_chemical_bonds_pool_q7,trait
biochem_bonding_quiz_biochem_chemical_bonds_pool_q8,population
biochem_bonding_quiz_biochem_chemical_bonds_pool_q9,enzymes
biochem_bonding_saltwater_submit_DIGT_q1,binding
biochem_bonding_types_DIGT_q1,cell
biochem_bonding_types_DIGT_q2,acids
biochem_lipids_quiz_lipids_pool_a2_q10,rna
biochem_lipids_quiz_lipids_pool_a2_q11,following
biochem_lipids_quiz_lipids_pool_a2_q12,group
biochem_lipids_quiz_lipids_pool_a2_q13,ions
biochem_lipids_quiz_lipids_pool_a2_q14,operon
biochem_lipids_quiz_lipids_pool_a2_q15,rna
biochem_lipids_quiz_lipids_pool_a2_q16,rna
biochem_lipids_quiz_lipids_pool_a2_q17,rna
biochem_lipids_quiz_lipids_pool_a2_q18,different
biochem_lipids_quiz_lipids_pool_a2_q19,following
biochem_lipids_quiz_lipids_pool_a2_q1,rna
biochem_lipids_quiz_lipids_pool_a2_q2,pathway
biochem_lipids_quiz_lipids_pool_a2_q3,ph
biochem_lipids_quiz_lipids_pool_a2_q4,cell
biochem_lipids_quiz_lipids_pool_a2_q5,different
biochem_lipids_quiz_lipids_pool_a2_q6,genes
biochem_lipids_quiz_lipids_pool_a2_q7,chromosome
inline_janes_cholesterol_levels_sc_q1_cholesterol_levels_findings,acidic
inline_lipids_characteristic_lipid-MB-08,cell
inline_lipids_cholesterol_q1_lipids_cholesterol,cell
inline_lipids_cholesterol_q2_lipids_steriods,carrying genetic information
inline_lipids_fatty_acids_DIGT_q1_saturated_fats,atom
inline_lipids_fatty_acids_DIGT_q2_heart_disease_risk,quiz
inline_lipids_fatty_acids_characteristics_q1_cc_double_bond,population
inline_lipids_fatty_acids_characteristics_q2_glycerol,membranes
inline_lipids_fatty_acids_characteristics_q3_energy_sotrage,dna
inline_lipids_fatty_acids_characteristics_q4_bent_carbon_chains,rna
inline_lipids_fatty_acids_characteristics_q5_room_temperature,processes
inline_lipids_fatty_acids_characteristics_q6_called_oils,cell
inline_lipids_fatty_acids_hydrogenation_q1_vegetable_oil,interactions
inline_lipids_fatty_acids_hydrogenation_q2_chemical_level,binding
inline_lipids_id_examples_q1_steroid,time
inline_lipids_id_examples_q2_fats_oils,blood
inline_lipids_id_examples_q3_phospholipid,group
inline_lipids_key_characteristic_q1_lipid_key_characteristic,electrons
inline_lipids_phospholipids_structure_q1_sphere,carbon
inline_lipids_phospholipids_structure_q2_yellow_lines,students
inline_lipids_phospholipids_structure_q3_location_of_water,ph
inline_lipids_phospholipids_structure_q4_cell_inside,binding
inline_lipids_wax_structure_q1,atp
inline_lipids_wax_structure_q2,enzyme
inline_phospholipid_fatty_acids_cold_climates_q1_cold_climate,following
lipids_hydrophobic_v1_phospholipid_hyrdophobic,sugar
_u3_cell_membrane_fluidity_LBD_q1_prokaryote_membrane_fluidity,different
_u3_cell_membrane_fluidity_LBD_q2_bacteria_membrane_fluidity,membrane
_u3_m2_fluid_mosaics_DIGT__u3_m2_flued_mosaics_DIGT_q1,individuals
_u3_m2_fluid_mosaics_DIGT__u3_m2_flued_mosaics_DIGT_q2,bacteria
_u3_m2_fluid_mosaics_DIGT__u3_m2_flued_mosaics_DIGT_q3,cycles
cell_membrane_quiz_cell_membrane_pool_a2_q1,operate
cell_membrane_quiz_cell_membrane_pool_a2_q2,genes
cell_membrane_quiz_cell_membrane_pool_a2_q3,dna synthesis
cell_membrane_quiz_cell_membrane_pool_a2_q4a,body energy
cell_membrane_quiz_cell_membrane_pool_a2_q5a,acidic
cell_membrane_quiz_cell_membrane_pool_a2_q6a,study
cell_membrane_quiz_cell_membrane_pool_a2_q7,cellular respiration
cell_membrane_quiz_cell_membrane_pool_a2_q8,acid
inline_phospholipid_bilayer_q1_transport_needed,chromosomes
inline_phospholipid_bilayer_q2_oxygen_concentration,cell
u3_m2_macro_and_function_LBD_q1_entire,cell
u3_m2_macro_and_function_LBD_q1,cell
u3_m2_macro_and_function_LBD_q1_inner_edge,cell
u3_m2_macro_and_function_LBD_q1_integral,cell
u3_m2_macro_and_function_LBD_q1_membrane,cell
u3_m2_macro_and_function_LBD_q1_outer_edge,cell
u3_m2_macro_and_function_LBD_q1_peripheral,cell
u3_m2_macro_and_function_LBD_q1,cell
u4_archaean_cell_membrane_func_DIGT_q1,reproduction
u4_archaean_cell_membrane_func_DIGT_q2,biology
u4_bacteria_parts_LBD_q1,population
u4_bacteria_parts_LBD_q2,biology
u4_bacteria_parts_LBD_q3,number
a2_HS-metab-energetics_energetics_q1,enzyme
a2_HS-metab-energetics_energetics_q2,compounds
a2_HS-metab-energetics_energetics_q3,reaction
a2_HS-metab-energetics_energetics_q5,bases
a2_HS-metab-energetics_energetics_q6,chromosomes
a2_HS-metab-energetics_energetics_q7,chromosomes
a2_HS-metab-energetics_energetics_q8,viable
inline_digit-metabolism_coupling_meta_coupling_01,scientific
inline_digit-metabolism_coupling_meta_coupling_02,bond
inline_digit-metabolism_coupling_meta_coupling_03,following
inline_digit-metabolism_energy_metab-energy_01,individuals
inline_digit-metabolism_energy_metab-energy_02,acidity
inline_digit-metabolism_energy_metab-energy_03,kinetic energy
inline_digit-metabolism_energy_metab-energy_04,glucose
inline_digit-metabolism_redox_metab_redox_01,water compounds
inline_digit-metabolism_redox_metab_redox_02,chromosomes
inline_digit-metabolism_redox_metab_redox_03,species
inline_digit-metabolism_redox_metab_redox_04,question
inline_digit-metabolism_redox_metab_redox_05,enzyme
inline_digit-metabolism_thermo_metab-thermo_01,bonds
inline_digit-metabolism_thermo_metab-thermo_02,protein
inline_digit-metabolism_thermo_metab-thermo_03,carbohydrates
inline_digit-metabolism_thermo_metab-thermo_04,ions
a2_HS-pathway_regulation_pathways_q0,electrons
a2_HS-pathway_regulation_pathways_q1,glucose
a2_HS-pathway_regulation_pathways_q2,means
a2_HS-pathway_regulation_pathways_q3,electron
a2_HS-pathway_regulation_pathways_q4,change
a2_HS-pathway_regulation_pathways_q5,proteins
a2_HS-pathway_regulation_pathways_q6,bond
inline_digit-intrometabolism_intro_met_01,population
inline_digit-intrometabolism_intro_met_02,example
inline_digit-intrometabolism_intro_met_03,change
inline_digit-metabolism-regulation_metab-regul-01,water compounds
inline_digit-metabolism-regulation_metab-regul-02,carbohydrates
inline_digit-metabolism-regulation_metab-regul-03,temperature
inline_digit-metabolism-regulation_metab-regul-04,cellular respiration
inline_digit-metabolism-regulation_metab-regul-05,
inline_l30_metreg_inhibitor_q3,common
inline_l30_metreg_regulation_mcq_30_q01,water compounds
inline_l30_metreg_regulation_mcq_30_q06,
inline_l30_metreg_regulation_mcq_30_q07,biology
regulation_response_regulation_response_q1_regulation_response,process
dynadrop_assessment_PCR_q1,students
dynadrop_assessment_PCR_q1,students
dynadrop_assessment_PCR_q1,students
dynadrop_assessment_PCR_q1_t,students
dynadrop_assessment_PCR_q1_t,students
dynadrop_assessment_PCR_q1_t,students
genetics_function_replication_lbd_q1,dna
genetics_function_replication_lbd_q2,life
genetics_function_replication_lbd_q3,acidity
genetics_function_replication_lbd_q4,enzyme
genetics_molecular_code_lbd_q1,acidity
genetics_molecular_crime_lbd_q1,cell
genetics_molecular_crime_lbd_q2,cell
genetics_molecular_crime_lbd_q3,protein
genetics_molecular_czar_digt_q1,water
genetics_molecular_dna_info_digt_q1,water compounds
genetics_molecular_helicase_digt_q1,following
genetics_molecular_helicase_digt_q2,biology
genetics_molecular_helicase_digt_q3,carbon
genetics_molecular_location_lbd_q10,energy
genetics_molecular_location_lbd_q1,electron
genetics_molecular_location_lbd_q2,water compounds
genetics_molecular_location_lbd_q3,left
genetics_molecular_location_lbd_q4,structure
genetics_molecular_location_lbd_q5,enzyme
genetics_molecular_location_lbd_q6,muscles
genetics_molecular_location_lbd_q7,hydrogens
genetics_molecular_location_lbd_q8,pathways
genetics_molecular_location_lbd_q9,molecule
genetics_molecular_pcr_digt_q1_DNA_PCR,acids
genetics_molecular_pcr_digt_q2_DNA_PCR,like
genetics_molecular_pcr_digt_q3_DNA_PCR,individuals
genetics_molecular_pcr_digt_q4_DNA_PCR,acidic
genetics_molecular_pcr_digt_q5_DNA_PCR,bacteria
genetics_molecular_pcr_digt_q6_DNA_PCR,structure
genetics_molecular_pcr_digt_q7_DNA_PCR,structure
genetics_molecular_quiz_genetics_molecular_DNA_m1_pool_q10,
genetics_molecular_quiz_genetics_molecular_DNA_m1_pool_q1,stranded
genetics_molecular_quiz_genetics_molecular_DNA_m1_pool_q2,body energy
genetics_molecular_quiz_genetics_molecular_DNA_m1_pool_q2a,bases
genetics_molecular_quiz_genetics_molecular_DNA_m1_pool_q3,protons
genetics_molecular_quiz_genetics_molecular_DNA_m1_pool_q3a_bases,biology
genetics_molecular_quiz_genetics_molecular_DNA_m1_pool_q4,chromosomes
genetics_molecular_quiz_genetics_molecular_DNA_m1_pool_q5,dna
genetics_molecular_quiz_genetics_molecular_DNA_m1_pool_q6,atp
genetics_molecular_quiz_genetics_molecular_DNA_m1_pool_q7,process
genetics_molecular_sequence_digt_q1_DNA_SEQUENCE,bond
genetics_molecular_sequence_digt_q1_DNA_SEQUENCE,bond
genetics_molecular_sequence_digt_q1_DNA_SEQUENCE,bond
inline_DNA_replication_id_q1_DNA_replication_helix,dna synthesis
inline_DNA_replication_id_q2_dbl_strand_code,end
inline_DNA_replication_id_q3_DNA_replic_labels,dna
biochem_acid_or_base_DIGT_q1,cell
biochem_acid_or_base_DIGT_q2,reaction
biochem_acid_or_base_DIGT_q3,variable
biochem_nucleic-acids_quiz_nucleic_acids_pool_a2_q1,proteins
biochem_nucleic-acids_quiz_nucleic_acids_pool_a2_q5,water compounds
biochem_nucleic-acids_quiz_nucleic_acids_pool_a2_q6,molecule
biochem_nucleic-acids_quiz_nucleic_acids_pool_a2_q7,cell
biochem_nucleic-acids_quiz_nucleic_acids_pool_a2_q8,ph
biochem_nucleic-acids_quiz_nucleic_acids_pool_a2_q9,energy
biochem_nucleic-acids_quiz_u3_biomacromolecules_unit_quiz_pool_q10,water
biochem_nucleic-acids_quiz_u3_biomacromolecules_unit_quiz_pool_q11,blood
biochem_nucleic-acids_quiz_u3_biomacromolecules_unit_quiz_pool_q12,pyruvate
biochem_nucleic-acids_quiz_u3_biomacromolecules_unit_quiz_pool_q13,acidity
biochem_nucleic-acids_quiz_u3_biomacromolecules_unit_quiz_pool_q14,pathway
biochem_nucleic-acids_quiz_u3_biomacromolecules_unit_quiz_pool_q15,group
biochem_nucleic-acids_quiz_u3_biomacromolecules_unit_quiz_pool_q16,viable
biochem_nucleic-acids_quiz_u3_biomacromolecules_unit_quiz_pool_q17,acidity
biochem_nucleic-acids_quiz_u3_biomacromolecules_unit_quiz_pool_q18,dna sequence
biochem_nucleic-acids_quiz_u3_biomacromolecules_unit_quiz_pool_q19,following
biochem_nucleic-acids_quiz_u3_biomacromolecules_unit_quiz_pool_q1,enzyme
biochem_nucleic-acids_quiz_u3_biomacromolecules_unit_quiz_pool_q20,water compounds
biochem_nucleic-acids_quiz_u3_biomacromolecules_unit_quiz_pool_q21,group
biochem_nucleic-acids_quiz_u3_biomacromolecules_unit_quiz_pool_q22,new
biochem_nucleic-acids_quiz_u3_biomacromolecules_unit_quiz_pool_q23,population
biochem_nucleic-acids_quiz_u3_biomacromolecules_unit_quiz_pool_q24,following
biochem_nucleic-acids_quiz_u3_biomacromolecules_unit_quiz_pool_q25,like
biochem_nucleic-acids_quiz_u3_biomacromolecules_unit_quiz_pool_q26,reproduction
biochem_nucleic-acids_quiz_u3_biomacromolecules_unit_quiz_pool_q27,protein
biochem_nucleic-acids_quiz_u3_biomacromolecules_unit_quiz_pool_q28,enzyme
biochem_nucleic-acids_quiz_u3_biomacromolecules_unit_quiz_pool_q29,acids
biochem_nucleic-acids_quiz_u3_biomacromolecules_unit_quiz_pool_q2a,proteins
biochem_nucleic-acids_quiz_u3_biomacromolecules_unit_quiz_pool_q30,humans
biochem_nucleic-acids_quiz_u3_biomacromolecules_unit_quiz_pool_q31,molecule
biochem_nucleic-acids_quiz_u3_biomacromolecules_unit_quiz_pool_q32,following
biochem_nucleic-acids_quiz_u3_biomacromolecules_unit_quiz_pool_q33,plants
biochem_nucleic-acids_quiz_u3_biomacromolecules_unit_quiz_pool_q3a,processes
biochem_nucleic-acids_quiz_u3_biomacromolecules_unit_quiz_pool_q47,equilibrium
biochem_nucleic-acids_quiz_u3_biomacromolecules_unit_quiz_pool_q48,dna
biochem_nucleic-acids_quiz_u3_biomacromolecules_unit_quiz_pool_q49,greenhouse
biochem_nucleic-acids_quiz_u3_biomacromolecules_unit_quiz_pool_q4a,molecules
biochem_nucleic-acids_quiz_u3_biomacromolecules_unit_quiz_pool_q5,energy
biochem_nucleic-acids_quiz_u3_biomacromolecules_unit_quiz_pool_q6,variable
biochem_nucleic-acids_quiz_u3_biomacromolecules_unit_quiz_pool_q7,hydrogens
biochem_nucleic-acids_quiz_u3_biomacromolecules_unit_quiz_pool_q8,proteins
biochem_nucleic-acids_quiz_u3_biomacromolecules_unit_quiz_pool_q9,general
biochem_pH_define_DIGT_q1,charge
biochem_pH_define_DIGT_q2,reproduction
inline_na_DNA_RNA_compared_q1_building_block,membranes
inline_na_DNA_RNA_compared_q2_sugar_phosphate_backbone,acids
inline_na_DNA_RNA_compared_q3_base_thats_diff,reaction
inline_na_DNA_structure_q1_bases_shown_in_JMOL,species
inline_na_DNA_structure_q2_DNA_srand_arrangment,reaction
inline_na_DNA_structure_q3_DNA_alt_structure,glycogen
inline_na_DNA_structure_q4_type_chem_bond,energy
inline_na_DNA_structure_q5_basepairing_rule,structure
inline_na_id_5end_3end_q1_5end,dna
inline_na_id_5end_3end_q2_DNA_ID_5end_3end,acids
inline_na_nitogenous_bases_q1_nitro_bases,dna sequence
inline_na_nitogenous_bases_q2_adenine,group
inline_na_nitogenous_bases_q3_cytosine,water compounds
inline_na_nitogenous_bases_q4_guanine,different
inline_na_nitogenous_bases_q5_thymine,population
inline_na_trinucleotide_q1_carbon_linked_to_base,atom
inline_na_trinucleotide_q2_unlabeled_carbons,cells
inline_na_trinucleotide_q3_labeled_sugar,operon
inline_na_trinucleotide_q4_carbon_above_sugar,like
inline_na_trinucleotide_q5_carbon_below_sugar,rna
inline_na_trinucleotide_q6_molecule_ends,common
nucleic_acids_ATP_energy_release_DIGT_q1,stranded
nucleic_acids_ATP_mass_LBD_q1,enzyme
nucleic_acids_ATP_mass_LBD_q2,energy
_m4_aa_folding_DIGT_q1,life
_m4_aa_folding_DIGT_q2,following
_m4_amino_acid_parts_DIGT_q1,rna
_m4_amino_acid_parts_DIGT_q2,cell
_m4_amino_acid_parts_DIGT_q3,protein
_m4_amino_acid_parts_DIGT_q4,muscles
_m4_amino_acids_LBD_q1,population
_m4_amino_acids_LBD_q2,individuals
_m4_amino_acids_LBD_q3_serine,membrane
_m4_peptide_denature_LBD_q1,trophic level
_m4_peptide_denature_LBD_q2,enzyme
_m4_tripeptide_LBD_q1,enzyme
_m4_tripeptide_LBD_q2,species
aa_proteins_quiz__m4_amino_acids_pool_q1,strand
aa_proteins_quiz__m4_amino_acids_pool_q2,following
aa_proteins_quiz__m4_amino_acids_pool_q3,group
aa_proteins_quiz__m4_amino_acids_pool_q4,cells
aa_proteins_quiz__m4_amino_acids_pool_q5,cell
aa_proteins_quiz__m4_enzymes_pool_q1,molecules
aa_proteins_quiz__m4_enzymes_pool_q2,dna
aa_proteins_quiz__m4_enzymes_pool_q3,group
aa_proteins_quiz__m4_enzymes_pool_q4,plants
aa_proteins_quiz__m4_enzymes_pool_q5,life
aa_proteins_quiz__m4_enzymes_pool_q6,following
aa_proteins_quiz__m4_enzymes_pool_q7,plants
aa_proteins_quiz__m4_proteins_pool_q1,steps
aa_proteins_quiz__m4_proteins_pool_q2,acidity
aa_proteins_quiz__m4_proteins_pool_q3,bacteria
aa_proteins_quiz__m4_proteins_pool_q4,environment
aa_proteins_quiz__m4_proteins_pool_q5,population
aa_proteins_quiz__m4_proteins_pool_q6,atoms
proteins_oxygen_q1,form
proteins_oxygen_q2,oxygen
proteins_oxygen_q3,following
proteins_oxygen_q4_biomacro_function,bacteria
_m4_antacid_DIGT_q1,structure
_m4_enzyme_catalysis_DIGT_q1,dna
_m4_enzyme_catalysis_DIGT_q2,cells
_m4_enzyme_curve_DIGT_q1,bases
_m4_lactose_DIGT_q1,dna synthesis
_m4_lactose_lactase_DIGT_q1,genes
_m4_proteins_antibody_binding_LBD_q1,biology
_m4_proteins_antibody_binding_LBD_q2,group
inline_bio_intro_abiotic_characteristics_q1_water,dna
inline_bio_intro_abiotic_characteristics_q2_bacteria,left
inline_bio_intro_abiotic_characteristics_q3_glucose,following
inline_bio_intro_abiotic_characteristics_q4_cotton,reaction
inline_bio_intro_abiotic_characteristics_q5_carbon_dioxide,following
inline_bio_intro_abiotic_characteristics_q6_yogurt,earth
inline_bio_intro_abiotic_characteristics_q7_cold_virus,structures
inline_bio_intro_virus_abiotic_DIGT_q1_are_viruses_alive,humans
inline_bio_intro_virus_characteristic_1v0_qv1_viruses_use_energy,rna
inline_bio_intro_virus_characteristic_2v1_qv2_viruses_respond_to_environment,acids
inline_bio_intro_virus_characteristic_3v0_qv3_viruses_reproduce_with_DNA,pyruvate
inline_bio_intro_virus_characteristic_4v0_qv4_viruses_one_or_more_cells,
inline_first_emergent_property_level_q1,energy
inline_intro_to_bio_DIGT_v1_q1_biology_branches,dna
inline_intro_to_bio_DIGT_v1_q2_student_questions,dna
inline_levels_of_organization_DIGT_q1_encompassing_level,biology
inline_levels_of_organization_DIGT_q2_hamberger,electron
inline_levels_of_organization_DIGT_q3,change
intro_biology_intro_quiz_intro_biology_intro_pool_q10,dna sequence
intro_biology_intro_quiz_intro_biology_intro_pool_q11,proteins
intro_biology_intro_quiz_intro_biology_intro_pool_q12_emer_prop,bonds
intro_biology_intro_quiz_intro_biology_intro_pool_q4,plants
intro_biology_intro_quiz_intro_biology_intro_pool_q5,original
intro_biology_intro_quiz_intro_biology_intro_pool_q6,individuals
intro_biology_intro_quiz_intro_biology_intro_pool_q7,original
intro_biology_intro_quiz_intro_biology_intro_pool_q8,group
intro_biology_intro_quiz_intro_biology_intro_pool_q9,prokaryotes
control_experimental_lbd_q1,genes
control_experimental_lbd_q2,cell
fairies_digt_q1,ph
hpv_results_lbd_q1,generation
hypothesis_yes_no_q1,glucose
hypothesis_yes_no_q2,atp
hypothesis_yes_no_q3,acids
hypothesis_yes_no_q4,possible explanation
inline_experiment_results_significance_DIGT_q1,number
inline_hpv_experiment_cv_q1_control_variables,following
inline_hpv_experiment_dv_q1_dependent_variable,hydrogens
inline_hpv_experiment_hypothesis_q1_hpv_hypo,result
inline_hpv_experiment_iv_q1_indepen_var,called
inline_hpv_experiment_significance_q2_next_question,chromosomes
intro_scientific_method_quiz_intro_scientific_method_pool_a2_q2a,photosynthesis
intro_scientific_method_quiz_intro_scientific_method_pool_q1,acid
intro_scientific_method_quiz_intro_scientific_method_pool_q2,molecules
intro_scientific_method_quiz_intro_scientific_method_pool_q3,following
intro_scientific_method_quiz_intro_scientific_method_pool_q4,carbon
pseudoscience_lbd_q1,general
pseudoscience_lbd_q2,like
what_is_science_digt2_q2_neurotransmitters,rna
what_is_science_submit_q1,ions
intro_themes_quiz_intro_themes_pool_q10,cycles
intro_themes_quiz_intro_themes_pool_q12,species
intro_themes_quiz_intro_themes_pool_q1,body energy
intro_themes_quiz_intro_themes_pool_q2,parts
intro_themes_quiz_intro_themes_pool_q3,stranded
intro_themes_quiz_intro_themes_pool_q5,cell
intro_themes_quiz_intro_themes_pool_q6,plants
intro_themes_quiz_intro_themes_pool_q7,acidity
intro_themes_quiz_intro_themes_pool_q8,muscles
intro_themes_quiz_intro_themes_pool_q9,cellular respiration
intro_themes_quiz_qintro_themes_pool_11,acidic
u1_themes_dandelion_LBD_q1,rna
u1_themes_dandelion_LBD_q2,steps
u1_themes_dandelion_LBD_q3,question
u1_themes_energy_and_matter_DIGT_q1,stranded
u1_themes_energy_and_matter_DIGT_q2,cell
u1_themes_energy_and_matter_DIGT_q3,following
u1_themes_energy_and_matter_DIGT_q4,like
u1_themes_energy_and_matter_DIGT_q5,dna
u1_themes_energy_flow_LBD_q1,cell
u1_themes_energy_flow_LBD_q2,bond
u1_themes_energy_flow_LBD_q3,reaction
u1_themes_energy_flow_LBD_q4,left
u1_themes_energy_flow_LBD_q5,carbon
u1_themes_energy_flow_LBD_q6,cell
u1_themes_evolution_DIGT_q1,possible explanation
u1_themes_evolution_DIGT_q2,carbon
u1_themes_evolution_DIGT_q3,cell
u1_themes_evolution_DIGT_q4,structures
u1_themes_evolution_DIGT_q5,like
u1_themes_evolution_LBD_q1,proteins
u1_themes_evolution_LBD_q2,specific
u1_themes_growth2_DIGT_q1,selection
u1_themes_growth2_DIGT_q2,cell
u1_themes_heat_energy_LBD_q1,dna
u1_themes_homeostasis_human_pH_DIGT_q1,atom
u1_themes_interdependence_DIGT_q1,example
u1_themes_interdependence_DIGT_q2,plants
u1_themes_nutrients_DIGT_q1,sugar
u1_themes_nutrients_DIGT_q2,genes
u1_themes_nutrients_DIGT_q3,rna
u1_themes_nutrients_DIGT_q4,trophic level
u1_themes_nutrients_DIGT_q5,rna
u1_themes_nutrients_DIGT_q6,binding
u1_themes_struct_func_DIGT_q1,following
u1_themes_struct_func_DIGT_q2,sugar
u1_themes_struct_func_LBD_q1,hydrogens
u1_themes_struct_func_LBD_q2,carbon
u1_themes_struct_func_LBD_q3,ph
u1_themes_struct_func_LBD_q4,water compounds
biochem_carbs_assemble_DIGT_q1,following
biochem_carbs_characteristic_DIGT_q1,population
biochem_carbs_characteristic_DIGT_q2,reaction
biochem_carbs_dietary_DIGT_q1,structure
biochem_carbs_fiber_DIGT_q1,dna
biochem_carbs_quiz_biochem_carbs_pool_q2,trophic level
biochem_carbs_quiz_biochem_carbs_pool_q3,example
biochem_carbs_quiz_biochem_carbs_pool_q5,original
biochem_carbs_quiz_biochem_carbs_pool_q6,form
biochem_carbs_quiz_biochem_carbs_pool_q7,ions
biochem_carbs_quiz_biochem_carbs_pool_q8,operon
biochem_carbs_quiz_biochem_carbs_pool_q9,chromosomes
a2_HS-metab_tca_etran_tca_etrans_q0,chromosomes
a2_HS-metab_tca_etran_tca_etrans_q1,atoms
a2_HS-metab_tca_etran_tca_etrans_q3,structure
a2_HS-metab_tca_etran_tca_etrans_q4,glucose
a2_HS-metab_tca_etran_tca_etrans_q5,photosynthesis
a2_HS-metab_tca_etran_tca_etrans_q6,enzyme
inline_digit-metabolism_etrans_atp_meta_etrans_atp_01,bonds
inline_digit-metabolism_etrans_atp_meta_etrans_atp_02,dna
inline_digit-metabolism_etrans_atp_meta_etrans_atp_03,meiosis
inline_digit-metabolism_etrans_atp_meta_etrans_atp_04,meiosis
inline_digit-metabolism_etrans_atp_meta_etrans_atp_05,dna
inline_energy_defined_q1_chem_energy_not,meiosis
inline_energy_defined_q2_energy-def,protein
inline_energy_defined_q3_potential_energy_ex,temperature
inline_energy_flow_q1_energy_form_form_of,rna
inline_energy_flow_q2_energy_source_energy,ph
inline_energy_flow_q3_energy_transformation_energy,structure
inline_energy_photosyn_constructn-blks_q1_photosyn_raw_materials_raw,acidic
inline_energy_photosyn_constructn-blks_q2_photosyn_energy-source_energy,following
inline_energy_photosyn_constructn-blks_q3_photosyn_product,atp
inline_energy_transformation_q1_energy_lost,trait
inline_energy_transformation_q2_no_sunlight,carbon
inline_plants-and-energy_q1,operon
atp_build_hotspot1_q1,process
atp_build_hotspot1_q2_ribose,genes
atp_build_hotspot1_q3,molecules
atp_build_hotspot1_q4_phosphate,species
atp_build_hotspot1_q5,population
inline_ATP_ADP_difference_q1_structure_diff,chromosomes
inline_atp_components_q1_adenine,plants
inline_atp_components_q2_phosphate,trait
inline_atp_components_q3_deoxyribose,group
inline_atp_components_q4_guanine,acidic
inline_atp_components_q4_ribose,acidic
inline_cellular_work_q1,energy
inline_why_hydrolysis_releases_energy_q1_why_hyrdolysis_releases_energy,enzyme
inline_why_hydrolysis_releases_energy_q2_reaction_to_build_ATP,protein
inline_why_hydrolysis_releases_energy_q3_why_energy_is_required,molecules
inline_why_hydrolysis_releases_energy_q4_effect_of_combining_like_charges,
inline-metab_pathway_types_q1_cell_resp,prokaryotes
inline-metab_pathway_types_q2_photosynthesis,science
inline-metab_pathway_types_q3_synthesize_starch,structure
inline-metab_pathway_types_q4_digest_food_molecules,general
inline-metab_pathway_types_q5_build_complex_products,proteins
inline-metab_pathway_types_q6_release_energy,oxygen
inline-metab_pathway_types_q7_requires_energy,sugar
inline-metab_pathway_types_q8_break_down_molecules,kinetic energy
inline_anabolic_reactions_energy_source_SC_q1_atp_energy_source,plants
inline_metab_ac_transfer_ATP_LBD_q1,molecules like
inline_metab_ac_transfer_ATP_LBD_q2,components
inline_metab_ac_transfer_ATP_LBD_q3,different
inline_metab_ac_transfer_ATP_LBD_q4,cell
inline_metab_high_energy_molecules_q1_high_energy_molecules,binding
inline_metab_high_energy_molecules_q2_energy_source,trait
inline_metab_high_energy_molecules_q3_atp,biology
inline_metab_high_energy_molecules_q4_energy_reation,group
metab_energy_quiz_metab_energy_pool_part2_q10,selection
metab_energy_quiz_metab_energy_pool_part2_q11,conditions
metab_energy_quiz_metab_energy_pool_part2_q13,operate
metab_energy_quiz_metab_energy_pool_part2_q14,following
metab_energy_quiz_metab_energy_pool_part2_q16,electron
metab_energy_quiz_metab_energy_pool_part2_q17,cell
metab_energy_quiz_metab_energy_pool_part2_q18,left
metab_energy_quiz_metab_energy_pool_part2_q1a,oxygen
metab_energy_quiz_metab_energy_pool_part2_q2,different
metab_energy_quiz_metab_energy_pool_part2_q3,binding
metab_energy_quiz_metab_energy_pool_part2_q4,science
metab_energy_quiz_metab_energy_pool_part2_q5,dna
metab_energy_quiz_metab_energy_pool_part2_q6,cells
metab_energy_quiz_metab_energy_pool_part2_q7a,glycogen
metab_energy_quiz_metab_energy_pool_part2_q9,structure
metab_energy_quiz_metab_energy_pool_q10,rna
metab_energy_quiz_metab_energy_pool_q11a,reactions
metab_energy_quiz_metab_energy_pool_q12,living things
metab_energy_quiz_metab_energy_pool_q13,molecule
metab_energy_quiz_metab_energy_pool_q14,molecule
metab_energy_quiz_metab_energy_pool_q1,ions
metab_energy_quiz_metab_energy_pool_q2,enzyme
metab_energy_quiz_metab_energy_pool_q3,selection
metab_energy_quiz_metab_energy_pool_q4,oxygen
metab_energy_quiz_metab_energy_pool_q5,chromosome
metab_energy_quiz_metab_energy_pool_q6,cell
metab_energy_quiz_metab_energy_pool_q7,form
metab_energy_quiz_metab_energy_pool_q8,photosynthesis
metab_energy_quiz_metab_energy_pool_q9,proteins
a2_HS-metab-glycolysis_glycolysis_q0,membranes
a2_HS-metab-glycolysis_glycolysis_q1,cellular respiration
a2_HS-metab-glycolysis_glycolysis_q2,pyruvate
a2_HS-metab-glycolysis_glycolysis_q3,membrane
a2_HS-metab-glycolysis_glycolysis_q4,called
a2_HS-metab-glycolysis_glycolysis_q5,carrying genetic information
a2_HS-metab-glycolysis_glycolysis_q6,reaction
a2_HS-metab-glycolysis_glycolysis_q7,cycles
a2_HS-metab-glycolysis_glycolysis_q8,greenhouse
glycolysis_spontaneous_glycolysis_spontaneity,dna sequence
inline_digit-metabolism_glycolysis_metab-glyco_01,specific
inline_digit-metabolism_glycolysis_metab-glyco_02,bases
inline_digit-metabolism_glycolysis_metab-glyco_03,plants
inline_digit-metabolism_glycolysis_metab-glyco_04,following
inline_digit-metabolism_glycolysis_metab-glyco_05,rna
inline_digit-metabolism_glycolysis_metab-glyco_06,membrane
inline_digit-metabolism_tca_metab_tca_01,stranded
inline_digit-metabolism_tca_metab_tca_02,acidic
inline_digit-metabolism_tca_metab_tca_03,organism
inline_digit-metabolism_tca_metab_tca_04,protein
inline_digit-metabolism_tca_metab_tca_05,acidity
_u3_cells_theory_tenets_DIGT_q1,glucose
