_u3_cell_cycle_DIGT_q1_DNA_rep_stage,cluster17
_u3_cell_cycle_DIGT_q2_interphase,cluster40
_u3_cell_cycle_DIGT_q3_daughter_cells,cluster40
_u3_cell_cycle_DIGT_q4_growing_stage,cluster40
_u3_cell_cycle_DIGT_q5_DNA_check_stage,cluster143
cells_and_chromosomes_quiz_cells_and_chromosomes_modquiz_pool_q10,cluster230
cells_and_chromosomes_quiz_cells_and_chromosomes_modquiz_pool_q11,cluster230
cells_and_chromosomes_quiz_cells_and_chromosomes_modquiz_pool_q12,cluster143
cells_and_chromosomes_quiz_cells_and_chromosomes_modquiz_pool_q13,cluster142
cells_and_chromosomes_quiz_cells_and_chromosomes_modquiz_pool_q14,cluster229
cells_and_chromosomes_quiz_cells_and_chromosomes_modquiz_pool_q15,cluster143
cells_and_chromosomes_quiz_cells_and_chromosomes_modquiz_pool_q16,cluster229
cells_and_chromosomes_quiz_cells_and_chromosomes_modquiz_pool_q17,cluster143
cells_and_chromosomes_quiz_cells_and_chromosomes_modquiz_pool_q18,cluster249
cells_and_chromosomes_quiz_cells_and_chromosomes_modquiz_pool_q19,cluster40
cells_and_chromosomes_quiz_cells_and_chromosomes_modquiz_pool_q1,cluster142
cells_and_chromosomes_quiz_cells_and_chromosomes_modquiz_pool_q2,cluster142
cells_and_chromosomes_quiz_cells_and_chromosomes_modquiz_pool_q3,cluster243
cells_and_chromosomes_quiz_cells_and_chromosomes_modquiz_pool_q4,cluster53
cells_and_chromosomes_quiz_cells_and_chromosomes_modquiz_pool_q5,cluster71
cells_and_chromosomes_quiz_cells_and_chromosomes_modquiz_pool_q6,cluster19
cells_and_chromosomes_quiz_cells_and_chromosomes_modquiz_pool_q7,cluster229
cells_and_chromosomes_quiz_cells_and_chromosomes_modquiz_pool_q8,cluster229
cells_and_chromosomes_quiz_cells_and_chromosomes_modquiz_pool_q9,cluster230
inline_DNA_structure_at_replication_DIGT_q1,cluster230
inline_DNA_structure_at_replication_DIGT_q2_m_phase,cluster143
inline_cell_repl_counting_chromosomes_q1,cluster229
inline_cell_repl_counting_chromosomes_q2,cluster229
inline_cell_repl_counting_chromosomes_q3,cluster229
inline_cell_repl_counting_chromosomes_q4,cluster143
inline_cell_repl_counting_chromosomes_DIGT_q1,cluster229
inline_cell_repl_counting_chromosomes_DIGT_q2,cluster229
inline_cell_repl_counting_chromosomes_DIGT_q3,cluster229
inline_cell_repl_counting_chromosomes_DIGT_q4,cluster143
inline_chromosome_regions_DIGT_q1,cluster118
inline_chromosome_regions_DIGT_q2,cluster229
inline_chromosome_regions_DIGT_q3_chromatids,cluster2
inline_chromosome_regions_DIGT_q4_centromeres,cluster72
inline_chromosomes_LBD_q1,cluster143
inline_chromosomes_LBD_q2,cluster229
inline_chromosomes_LBD_q3,cluster229
inline_distinguish_cell_type_DIGT_q1,cluster142
inline_distinguish_cell_type_DIGT_q2,cluster40
inline_distinguish_cell_type_DIGT_q3_somatic_cells,cluster53
inline_distinguish_cell_type_DIGT_q4_gametes,cluster71
inline_gamete_cells_function_LBD_q1,cluster19
inline_gamete_cells_function_LBD_q2,cluster53
inline_gamete_cells_function_LBD_q3,cluster156
inline_gamete_cells_function_LBD_q4,cluster142
inline_gamete_cells_function_LBD_q5,cluster143
_u3_cell_structure_functions_DIGT_q1,cluster206
_u3_cell_structure_functions_DIGT_q2,cluster128
dynadrop_assessment_punnett_q1_cap,cluster123
dynadrop_assessment_punnett_q1_cap,cluster123
dynadrop_assessment_punnett_q1_cap,cluster123
dynadrop_assessment_punnett_q1_small,cluster123
dynadrop_assessment_punnett_yr_q1_2cap,cluster123
dynadrop_assessment_punnett_yr_q1_2cap,cluster123
dynadrop_assessment_punnett_yr_q1_2cap,cluster123
dynadrop_assessment_punnett_yr_q1_2cap,cluster123
dynadrop_assessment_punnett_yr_q1_2small,cluster123
dynadrop_assessment_punnett_yr_q1_2small,cluster123
dynadrop_assessment_punnett_yr_q1_2small,cluster123
dynadrop_assessment_punnett_yr_q1_2small,cluster123
dynadrop_assessment_punnett_yr_q1_capSmall,cluster123
dynadrop_assessment_punnett_yr_q1_capSmall,cluster123
dynadrop_assessment_punnett_yr_q1_capSmall,cluster123
dynadrop_assessment_punnett_yr_q1_capSmall,cluster123
dynadrop_assessment_punnett_yr_q1_capSmall,cluster123
dynadrop_assessment_punnett_yr_q1_capSmall,cluster123
dynadrop_assessment_punnett_yr_q1_capSmall,cluster123
dynadrop_assessment_punnett_yr_q1_capSmall,cluster123
genetics_heredity_albino_digt_q1,cluster247
genetics_heredity_albino_digt_q2,cluster137
genetics_heredity_cell_division_digt_q1,cluster53
genetics_heredity_cell_division_digt_q2,cluster153
genetics_heredity_cells_LBD_q1,cluster142
genetics_heredity_cells_LBD_q2,cluster143
genetics_heredity_cells_LBD2_q1,cluster53
genetics_heredity_chromosome_digt_q1,cluster128
genetics_heredity_chromosome_digt_q2,cluster244
genetics_heredity_chromosome_digt_q3,cluster119
genetics_heredity_chromosome_digt_q4,cluster119
genetics_heredity_cystic_q1,cluster172
genetics_heredity_dihybrid_lbd_q1_y,cluster172
genetics_heredity_dihybrid_lbd_q2_y,cluster172
genetics_heredity_dihybrid_lbd_q3_g,cluster14
genetics_heredity_dihybrid_lbd_q4_g,cluster14
genetics_heredity_flowers_LBD_q1,cluster153
genetics_heredity_flowers_LBD_q2,cluster153
genetics_heredity_flowers_LBD3_q1,cluster153
genetics_heredity_geno_pheno_digt_q1,cluster153
genetics_heredity_geno_pheno_digt_q2_segr_law,cluster79
genetics_heredity_geno_pheno_digt_q3_prediction,cluster153
genetics_heredity_heteroxygous_digt_q1,cluster119
genetics_heredity_heterozygous_text_q1,cluster119
genetics_heredity_heterozygous_text_q2,cluster137
genetics_heredity_independent_assortment_lbd_q1,cluster12
genetics_heredity_independent_assortment_lbd_q2,cluster12
genetics_heredity_independent_assortment_lbd_q3,cluster12
genetics_heredity_independent_assortment_lbd_q4,cluster247
genetics_heredity_meiosis_digt_q1,cluster40
genetics_heredity_meiosis_digt_q2,cluster79
genetics_heredity_meiosis_digt_q3,cluster12
genetics_heredity_meiosis_digt_q4,cluster12
genetics_heredity_meiosis_digt_q5,cluster143
genetics_heredity_meiosis_digt_q6,cluster40
genetics_heredity_meiosis_lbd_q1,cluster71
genetics_heredity_mendells_contribution_SC_g1_qsub,cluster12
genetics_heredity_punnett_lbd_q1,cluster153
genetics_heredity_punnett_lbd_q2,cluster247
genetics_heredity_quiz_genetics_heredity_pool_q10,cluster148
genetics_heredity_quiz_genetics_heredity_pool_q11,cluster247
genetics_heredity_quiz_genetics_heredity_pool_q12,cluster128
genetics_heredity_quiz_genetics_heredity_pool_q13,cluster248
genetics_heredity_quiz_genetics_heredity_pool_q14,cluster229
genetics_heredity_quiz_genetics_heredity_pool_q15,cluster119
genetics_heredity_quiz_genetics_heredity_pool_q17,cluster79
genetics_heredity_quiz_genetics_heredity_pool_q18,cluster40
genetics_heredity_quiz_genetics_heredity_pool_q19,cluster137
genetics_heredity_quiz_genetics_heredity_pool_q1,cluster101
genetics_heredity_quiz_genetics_heredity_pool_q20,cluster247
genetics_heredity_quiz_genetics_heredity_pool_q21,cluster12
genetics_heredity_quiz_genetics_heredity_pool_q22,cluster119
genetics_heredity_quiz_genetics_heredity_pool_q23_beans,cluster12
genetics_heredity_quiz_genetics_heredity_pool_q24_beans,cluster245
genetics_heredity_quiz_genetics_heredity_pool_q25,cluster71
genetics_heredity_quiz_genetics_heredity_pool_q26,cluster79
genetics_heredity_quiz_genetics_heredity_pool_q27,cluster247
genetics_heredity_quiz_genetics_heredity_pool_q2,cluster245
genetics_heredity_quiz_genetics_heredity_pool_q3,cluster229
genetics_heredity_quiz_genetics_heredity_pool_q4,cluster143
genetics_heredity_quiz_genetics_heredity_pool_q5,cluster12
genetics_heredity_quiz_genetics_heredity_pool_q6_tongue,cluster125
genetics_heredity_quiz_genetics_heredity_pool_q7_tongue,cluster247
genetics_heredity_quiz_genetics_heredity_pool_q8_tongue,cluster125
genetics_heredity_quiz_genetics_heredity_pool_q9,cluster153
genetics_heredity_spaniels_digt_q1,cluster181
genetics_heredity_spaniels_digt_q2,cluster181
genetics_heredity_two_traits_digt_q1,cluster12
cell_division_meiosis_quiz_cell_division_meiosis_quiz_pool_q10,cluster229
cell_division_meiosis_quiz_cell_division_meiosis_quiz_pool_q1,cluster71
cell_division_meiosis_quiz_cell_division_meiosis_quiz_pool_q2,cluster71
cell_division_meiosis_quiz_cell_division_meiosis_quiz_pool_q3,cluster143
cell_division_meiosis_quiz_cell_division_meiosis_quiz_pool_q4,cluster143
cell_division_meiosis_quiz_cell_division_meiosis_quiz_pool_q5,cluster53
cell_division_meiosis_quiz_cell_division_meiosis_quiz_pool_q6,cluster71
cell_division_meiosis_quiz_cell_division_meiosis_quiz_pool_q7,cluster165
cell_division_meiosis_quiz_cell_division_meiosis_quiz_pool_q8,cluster216
cell_division_meiosis_quiz_cell_division_meiosis_quiz_pool_q9,cluster229
inline_meiosis-1_asexual_cell_division_q1,cluster40
inline_meiosis-1_asexual_cell_division_q2,cluster40
inline_meiosis-2_sex_vs_asex_DIGT_q1,cluster216
inline_meiosis-2_sex_vs_asex_DIGT_q2,cluster143
inline_meiosis-3_mitosis_vs_meiosis_LBD_q1,cluster67
inline_meiosis-3_mitosis_vs_meiosis_LBD_q2,cluster143
inline_meiosis-3_mitosis_vs_meiosis_LBD_q3,cluster143
inline_meiosis-3_mitosis_vs_meiosis_LBD_q4,cluster143
inline_meiosis-3_mitosis_vs_meiosis_LBD_q5,cluster142
inline_meiosis-5_daughter-cells_LBD_q1,cluster143
inline_meiosis-5_daughter-cells_LBD_q2,cluster79
inline_meiosis-6_telophase_LBD_q1,cluster249
inline_meiosis-6_telophase_LBD_q2_nbr_chromosomes_chromosome,cluster249
inline_meiosis-6_telophase_LBD_q3_genetic_variability,cluster216
inline_meiosis-6_telophase_LBD_q4_chromatids_separated,cluster71
inline_meiosis-7_non-disjunct_DIGT_q1,cluster165
inline_meiosis-8_importance_DIGT_q1,cluster71
cell_div_mitosis_quiz_cell_div_mitosis_quiz_pool_q1,cluster19
cell_div_mitosis_quiz_cell_div_mitosis_quiz_pool_q2,cluster156
cell_div_mitosis_quiz_cell_div_mitosis_quiz_pool_q3,cluster143
cell_div_mitosis_quiz_cell_div_mitosis_quiz_pool_q4,cluster143
cell_div_mitosis_quiz_cell_div_mitosis_quiz_pool_q5,cluster188
cell_div_mitosis_quiz_cell_div_mitosis_quiz_pool_q6,cluster143
cell_div_mitosis_quiz_cell_div_mitosis_quiz_pool_q7,cluster67
cell_div_mitosis_quiz_cell_div_mitosis_quiz_pool_q8,cluster143
inline_cell_cycle_irregular_cancer_q1,cluster106
inline_cell_cycle_irregular_cancer_q2,cluster106
inline_cell_cycle_irregular_cancer_q3,cluster106
inline_cell_repl_mitosis_function_q1,cluster143
inline_cell_repl_predict_genes_DIGT_q1,cluster229
inline_cell_repl_predict_genes_DIGT_q2,cluster143
inline_cell_repl_predict_genes_DIGT_q3,cluster143
inline_cell_repl_predict_genes_DIGT_q4,cluster143
inline_cell_structures_and_function_q1,cluster176
inline_cell_structures_and_function_q2,cluster110
inline_cell_structures_and_function_q3,cluster67
inline_m1_prophase_LBD_q1,cluster143
inline_m1_prophase_LBD_q2,cluster143
inline_m1_prophase_function_DIGT_q1,cluster67
inline_m1_prophase_function_DIGT_q2,cluster67
inline_m1_prophase_function_DIGT_q3,cluster67
inline_m2_metaphase_LBD_q1,cluster237
inline_m3_anaphase_function_DIGT_q1,cluster237
inline_m3_anaphase_function_DIGT_q2,cluster237
inline_m4_telophase_DIGT_q1,cluster249
inline_mitosis_phases_DIGT_q1,cluster143
inline_mitosis_phases_DIGT_q2,cluster67
inline_mitosis_phases_DIGT_q3,cluster152
inline_mitosis_phases_DIGT_q4,cluster67
inline_na_DNA_role_q1_RNA_primary_function,cluster128
inline_na_DNA_role_q2_DNA_makes_what_process,cluster146
inline_na_DNA_role_q2_DNA_makes_what,cluster146
inline_na_DNA_role_q3_number_of_bases_to_code_amino_acid,cluster64
molecular_genes_BCRA_digt_q1,cluster176
molecular_genes_codons_digt_q1,cluster67
molecular_genes_codons_digt_q2,cluster109
molecular_genes_codons_digt_q3,cluster162
molecular_genes_codons_digt_q4,cluster109
molecular_genes_codons_digt_q5,cluster64
molecular_genes_codons_lbd_q1,cluster64
molecular_genes_codons_lbd_q2,cluster109
molecular_genes_codons_lbd_q3,cluster162
molecular_genes_codons_lbd_q4,cluster64
molecular_genes_mutation_digt_q1,cluster46
molecular_genes_mutation_digt_q2,cluster218
molecular_genes_mutation_lbd_q1,cluster17
molecular_genes_mutation_lbd_q2,cluster64
molecular_genes_mutation_lbd_q3,cluster218
molecular_genes_mutation_lbd_q4,cluster218
molecular_genes_mutation_lbd_q5,cluster81
molecular_genes_mutation_lbd_q6,cluster218
molecular_genes_mutation_lbd_q7,cluster218
molecular_genes_mutation_lbd_q8,cluster218
molecular_genes_quiz_molecular_genes_m2quiz_pool_q10,cluster162
molecular_genes_quiz_molecular_genes_m2quiz_pool_q1,cluster86
molecular_genes_quiz_molecular_genes_m2quiz_pool_q2,cluster142
molecular_genes_quiz_molecular_genes_m2quiz_pool_q3,cluster146
molecular_genes_quiz_molecular_genes_m2quiz_pool_q4,cluster35
molecular_genes_quiz_molecular_genes_m2quiz_pool_q5,cluster82
molecular_genes_quiz_molecular_genes_m2quiz_pool_q6,cluster218
molecular_genes_quiz_molecular_genes_m2quiz_pool_q7,cluster101
molecular_genes_quiz_molecular_genes_m2quiz_pool_q8,cluster53
molecular_genes_quiz_molecular_genes_m2quiz_pool_q9,cluster162
molecular_genes_replication_lbd_q1_rep,cluster0
molecular_genes_replication_lbd_q2_rep,cluster0
molecular_genes_replication_lbd_q3_rep,cluster0
molecular_genes_replication_lbd_q4_rep,cluster0
molecular_genes_replication_lbd_q5,cluster55
molecular_genes_replication_lbd_q5_rep,cluster246
molecular_genes_transcription_compare_digt_q10,cluster101
molecular_genes_transcription_compare_digt_q11,cluster81
molecular_genes_transcription_compare_digt_q1,cluster17
molecular_genes_transcription_compare_digt_q2,cluster17
molecular_genes_transcription_compare_digt_q3,cluster101
molecular_genes_transcription_compare_digt_q4,cluster55
molecular_genes_transcription_compare_digt_q5,cluster55
molecular_genes_transcription_compare_digt_q6,cluster17
molecular_genes_transcription_compare_digt_q7,cluster86
molecular_genes_transcription_compare_digt_q8,cluster7
molecular_genes_transcription_compare_digt_q9,cluster7
molecular_genes_types_digt_q1,cluster218
nucleic_acid_building_protein_LBD_q1,cluster176
nucleic_acid_building_protein_LBD_q2,cluster152
nucleic_acid_building_protein_LBD_q3,cluster35
nucleic_acid_building_protein_LBD_q4,cluster162
nucleic_acids_building_protein_DIGT_q1,cluster64
nucleic_acids_building_protein_DIGT_q2,cluster64
nucleic_acids_building_protein_DIGT_q3,cluster64
CRP_lbd_q1,cluster208
CRP_lbd_q2,cluster70
genetics_gene_regulation_quiz_genetics_molecular_gene_regulation_pool_q10,cluster230
genetics_gene_regulation_quiz_genetics_molecular_gene_regulation_pool_q11,cluster70
genetics_gene_regulation_quiz_genetics_molecular_gene_regulation_pool_q12,cluster208
genetics_gene_regulation_quiz_genetics_molecular_gene_regulation_pool_q13,cluster208
genetics_gene_regulation_quiz_genetics_molecular_gene_regulation_pool_q1,cluster217
genetics_gene_regulation_quiz_genetics_molecular_gene_regulation_pool_q2,cluster119
genetics_gene_regulation_quiz_genetics_molecular_gene_regulation_pool_q3,cluster109
genetics_gene_regulation_quiz_genetics_molecular_gene_regulation_pool_q4,cluster142
genetics_gene_regulation_quiz_genetics_molecular_gene_regulation_pool_q5,cluster86
genetics_gene_regulation_quiz_genetics_molecular_gene_regulation_pool_q6,cluster230
genetics_gene_regulation_quiz_genetics_molecular_gene_regulation_pool_q7,cluster106
genetics_gene_regulation_quiz_genetics_molecular_gene_regulation_pool_q8,cluster230
genetics_gene_regulation_quiz_genetics_molecular_gene_regulation_pool_q9,cluster12
glucose_lactose_digt_q1_gluc_lac_A,cluster208
glucose_lactose_digt_q1_gluc_lac_B,cluster208
glucose_lactose_digt_q1_gluc_lac_C,cluster208
glucose_lactose_digt_q2_gluc_lac_A_gl,cluster208
glucose_lactose_digt_q2_gluc_lac_B_gl,cluster208
glucose_lactose_digt_q2_gluc_lac_C_gl,cluster208
glucose_lactose_digt_q3_gluc_lac_A_gl,cluster208
glucose_lactose_digt_q3_gluc_lac_B_gl,cluster208
glucose_lactose_digt_q3_gluc_lac_C_gl,cluster208
glucose_lactose_digt_q4_gluc_lac_A_gl,cluster208
glucose_lactose_digt_q4_gluc_lac_B_gl,cluster208
glucose_lactose_digt_q4_gluc_lac_C_gl,cluster208
molecular_structure_on_off_digt_q1,cluster75
molecular_structure_on_off_digt_q2,cluster70
molecular_structure_on_off_digt_q3,cluster70
operon_lbd_q1,cluster208
operon_lbd_q2,cluster208
operon_lbd_q3,cluster86
operon_lbd_q4,cluster70
operon_lbd_q5,cluster70
prokaryotic_vs_eukaryotic_digt_q1,cluster230
prokaryotic_vs_eukaryotic_digt_q2,cluster17
prokaryotic_vs_eukaryotic_digt_q3,cluster230
prokaryotic_vs_eukaryotic_digt_q4,cluster230
prokaryotic_vs_eukaryotic_digt_q5,cluster230
protein_coding_gene_parts_digt_q1,cluster119
repressor_digt_q1_rep_A,cluster70
repressor_digt_q1_rep_B,cluster70
repressor_digt_q2_rep_A_rep,cluster70
repressor_digt_q2_rep_B_rep,cluster70
tryptophan2_digt_q1,cluster70
tryptophan_digt_q1,cluster208
what_affects_phenotype_digt_q1,cluster70
whats_a_gene_digt_q1,cluster128
whats_a_gene_digt_q2,cluster176
a2_HS-AWB-01_bonding-02,cluster199
a2_HS-AWB-01_bonding-03,cluster187
a2_HS-AWB-01_bonding-04,cluster161
a2_HS-AWB-01_bonding-05,cluster62
a2_HS-AWB-01_bonding-06,cluster32
a2_HS-AWB-01_bonding-07,cluster2
a2_HS-AWB-01_bonding-08,cluster161
a2_HS-AWB-01_bonding-09,cluster161
a2_HS-AWB-01_bonding-10,cluster161
a2_HS-AWB-01_bonding-11,cluster2
a2_HS-AWB-01_bonding-12,cluster199
a2_HS-AWB-01_bonding-13,cluster160
a2_HS-AWB-01_bonding-14,cluster231
a2_HS-AWB-01_bonding-15,cluster221
a2_HS-AWB-01_bonding-17,cluster231
a2_HS-AWB-01_water-01,cluster136
a2_HS-AWB-01_water-02,cluster136
a2_HS-AWB-01_water-03,cluster147
a2_HS-AWB-01_water-04,cluster181
a2_HS-AWB-01_water-05,cluster181
a2_HS-AWB-01_water-06,cluster147
a2_HS-AWB-01_water-07,cluster136
a2_HS-AWB-01_water-08,cluster7
atoms_glucose_mass_number_bonds,cluster199
atoms_nitrogen_mass_mass_glucose,cluster75
atoms_nitrogen_mass_nitrogen_mass,cluster211
atoms_nitrogen_mass_nitrogen_mass,cluster211
atoms_nitrogen_mass_nitrogen_mass,cluster211
biology_diagram_biologyPH1_q1_biologyPH1,cluster61
bonding_chiral_chloro_fluoro_bromo_methane_Chiral_centers_cl_f_br_methane_1,cluster27
bonding_chiral_chloro_fluoro_methane_Chiral_centers_cl_f_methane_1,cluster2
bonding_chiral_chloro_fluoro_methane_chiral_centers_cl_f_methane_2,cluster23
bonding_chiral_glyceraldehyde_Chiral_centers_glyceraldehyde,cluster117
bonding_chiral_thr_Chiral_centers_thr,cluster162
bonding_geometry1_bonding_geometry_1,cluster117
bonding_geometry1_bonding_geometry_2,cluster80
bonding_geometry1_bonding_geometry_3,cluster2
bonding_geometry1_bonding_geometry_4,cluster80
bonding_response_bonding_response_q1_bonding_response,cluster65
inline_atoms_only_q1,cluster221
inline_atoms_only_q2,cluster2
inline_atoms_only_q3,cluster231
inline_atoms_only_q4,cluster110
inline_atoms_only_q6,cluster231
inline_bonding_only_q1,cluster160
inline_bonding_only_q2,cluster199
inline_bonding_only_q3,cluster110
inline_func_groups_q0,cluster127
inline_func_groups_q0,cluster127
inline_func_groups_q1,cluster115
inline_func_groups_q2,cluster127
inline_func_groups_q3,cluster136
inline_water_only_q1,cluster147
inline_water_only_q2,cluster231
inline_water_only_q3,cluster187
water_1_water_1_properties_water_1,cluster181
water_structure_water_elements,cluster170
water_structure_water_structure_representation1,cluster136
biochem_atoms_protons_DIGT_q1_protons,cluster59
biochem_atoms_protons_DIGT_q2_electrons,cluster187
biochem_atoms_protons_DIGT_q3_neutrons,cluster187
biochem_bonding_H_bonds-defined_LBD_q1,cluster231
biochem_bonding_H_bonds_DIGT1_q1,cluster161
biochem_bonding_H_bonds_DIGT1_q2,cluster59
biochem_bonding_Hydrogen_bonds_LBD_q1,cluster231
biochem_bonding_ammonia_DIGT_q1,cluster231
biochem_bonding_covalent_DIGT_q1,cluster187
biochem_bonding_covalent_DIGT_q2,cluster221
biochem_bonding_covalent_DIGT_q3,cluster231
biochem_bonding_electron_LBD_q1,cluster2
biochem_bonding_electron_LBD_q2,cluster2
biochem_bonding_electron_LBD_q3,cluster231
biochem_bonding_interact_DIGT_q1,cluster211
biochem_bonding_ionic_LBD2_q1,cluster220
biochem_bonding_ionic_LBD2_q2,cluster0
biochem_bonding_ionic_LBD2_q3,cluster32
biochem_bonding_molec_form_LBD_q1,cluster2
biochem_bonding_molec_form_LBD_q2,cluster221
biochem_bonding_molec_form_LBD_q3,cluster221
biochem_bonding_molec_formula_DIGT_q1,cluster2
biochem_bonding_quiz_biochem_chemical_bonds_pool_q12,cluster221
biochem_bonding_quiz_biochem_chemical_bonds_pool_q13,cluster221
biochem_bonding_quiz_biochem_chemical_bonds_pool_q14,cluster187
biochem_bonding_quiz_biochem_chemical_bonds_pool_q15,cluster198
biochem_bonding_quiz_biochem_chemical_bonds_pool_q16,cluster221
biochem_bonding_quiz_biochem_chemical_bonds_pool_q17,cluster95
biochem_bonding_quiz_biochem_chemical_bonds_pool_q1,cluster2
biochem_bonding_quiz_biochem_chemical_bonds_pool_q2,cluster110
biochem_bonding_quiz_biochem_chemical_bonds_pool_q3,cluster231
biochem_bonding_quiz_biochem_chemical_bonds_pool_q4,cluster221
biochem_bonding_quiz_biochem_chemical_bonds_pool_q5,cluster147
biochem_bonding_quiz_biochem_chemical_bonds_pool_q6,cluster231
biochem_bonding_quiz_biochem_chemical_bonds_pool_q7,cluster136
biochem_bonding_quiz_biochem_chemical_bonds_pool_q8,cluster198
biochem_bonding_quiz_biochem_chemical_bonds_pool_q9,cluster221
biochem_bonding_saltwater_submit_DIGT_q1,cluster161
biochem_bonding_types_DIGT_q1,cluster231
biochem_bonding_types_DIGT_q2,cluster140
biochem_lipids_quiz_lipids_pool_a2_q10,cluster189
biochem_lipids_quiz_lipids_pool_a2_q11,cluster147
biochem_lipids_quiz_lipids_pool_a2_q12,cluster18
biochem_lipids_quiz_lipids_pool_a2_q13,cluster163
biochem_lipids_quiz_lipids_pool_a2_q14,cluster185
biochem_lipids_quiz_lipids_pool_a2_q15,cluster189
biochem_lipids_quiz_lipids_pool_a2_q16,cluster189
biochem_lipids_quiz_lipids_pool_a2_q17,cluster189
biochem_lipids_quiz_lipids_pool_a2_q18,cluster163
biochem_lipids_quiz_lipids_pool_a2_q19,cluster145
biochem_lipids_quiz_lipids_pool_a2_q1,cluster189
biochem_lipids_quiz_lipids_pool_a2_q2,cluster189
biochem_lipids_quiz_lipids_pool_a2_q3,cluster189
biochem_lipids_quiz_lipids_pool_a2_q4,cluster189
biochem_lipids_quiz_lipids_pool_a2_q5,cluster27
biochem_lipids_quiz_lipids_pool_a2_q6,cluster27
biochem_lipids_quiz_lipids_pool_a2_q7,cluster96
inline_janes_cholesterol_levels_sc_q1_cholesterol_levels_findings,cluster210
inline_lipids_characteristic_lipid-MB-08,cluster107
inline_lipids_cholesterol_q1_lipids_cholesterol,cluster210
inline_lipids_cholesterol_q2_lipids_steriods,cluster168
inline_lipids_fatty_acids_DIGT_q1_saturated_fats,cluster163
inline_lipids_fatty_acids_DIGT_q2_heart_disease_risk,cluster210
inline_lipids_fatty_acids_characteristics_q1_cc_double_bond,cluster2
inline_lipids_fatty_acids_characteristics_q2_glycerol,cluster15
inline_lipids_fatty_acids_characteristics_q3_energy_sotrage,cluster18
inline_lipids_fatty_acids_characteristics_q4_bent_carbon_chains,cluster2
inline_lipids_fatty_acids_characteristics_q5_room_temperature,cluster7
inline_lipids_fatty_acids_characteristics_q6_called_oils,cluster185
inline_lipids_fatty_acids_hydrogenation_q1_vegetable_oil,cluster136
inline_lipids_fatty_acids_hydrogenation_q2_chemical_level,cluster110
inline_lipids_id_examples_q1_steroid,cluster27
inline_lipids_id_examples_q2_fats_oils,cluster110
inline_lipids_id_examples_q3_phospholipid,cluster27
inline_lipids_key_characteristic_q1_lipid_key_characteristic,cluster23
inline_lipids_phospholipids_structure_q1_sphere,cluster110
inline_lipids_phospholipids_structure_q2_yellow_lines,cluster110
inline_lipids_phospholipids_structure_q3_location_of_water,cluster155
inline_lipids_phospholipids_structure_q4_cell_inside,cluster96
inline_lipids_wax_structure_q1,cluster110
inline_lipids_wax_structure_q2,cluster192
inline_phospholipid_fatty_acids_cold_climates_q1_cold_climate,cluster163
lipids_hydrophobic_v1_phospholipid_hyrdophobic,cluster15
_u3_cell_membrane_fluidity_LBD_q1_prokaryote_membrane_fluidity,cluster228
_u3_cell_membrane_fluidity_LBD_q2_bacteria_membrane_fluidity,cluster145
_u3_m2_fluid_mosaics_DIGT__u3_m2_flued_mosaics_DIGT_q1,cluster142
_u3_m2_fluid_mosaics_DIGT__u3_m2_flued_mosaics_DIGT_q2,cluster175
_u3_m2_fluid_mosaics_DIGT__u3_m2_flued_mosaics_DIGT_q3,cluster27
cell_membrane_quiz_cell_membrane_pool_a2_q1,cluster96
cell_membrane_quiz_cell_membrane_pool_a2_q2,cluster133
cell_membrane_quiz_cell_membrane_pool_a2_q3,cluster96
cell_membrane_quiz_cell_membrane_pool_a2_q4a,cluster96
cell_membrane_quiz_cell_membrane_pool_a2_q5a,cluster96
cell_membrane_quiz_cell_membrane_pool_a2_q6a,cluster96
cell_membrane_quiz_cell_membrane_pool_a2_q7,cluster193
cell_membrane_quiz_cell_membrane_pool_a2_q8,cluster53
inline_phospholipid_bilayer_q1_transport_needed,cluster224
inline_phospholipid_bilayer_q2_oxygen_concentration,cluster241
u3_m2_macro_and_function_LBD_q1_entire,cluster142
u3_m2_macro_and_function_LBD_q1,cluster142
u3_m2_macro_and_function_LBD_q1_inner_edge,cluster142
u3_m2_macro_and_function_LBD_q1_integral,cluster142
u3_m2_macro_and_function_LBD_q1_membrane,cluster142
u3_m2_macro_and_function_LBD_q1_outer_edge,cluster142
u3_m2_macro_and_function_LBD_q1_peripheral,cluster142
u3_m2_macro_and_function_LBD_q1,cluster142
u4_archaean_cell_membrane_func_DIGT_q1,cluster96
u4_archaean_cell_membrane_func_DIGT_q2,cluster175
u4_bacteria_parts_LBD_q1,cluster15
u4_bacteria_parts_LBD_q2,cluster15
u4_bacteria_parts_LBD_q3,cluster96
a2_HS-metab-energetics_energetics_q1,cluster18
a2_HS-metab-energetics_energetics_q2,cluster69
a2_HS-metab-energetics_energetics_q3,cluster69
a2_HS-metab-energetics_energetics_q5,cluster157
a2_HS-metab-energetics_energetics_q6,cluster90
a2_HS-metab-energetics_energetics_q7,cluster18
a2_HS-metab-energetics_energetics_q8,cluster18
inline_digit-metabolism_coupling_meta_coupling_01,cluster142
inline_digit-metabolism_coupling_meta_coupling_02,cluster69
inline_digit-metabolism_coupling_meta_coupling_03,cluster88
inline_digit-metabolism_energy_metab-energy_01,cluster69
inline_digit-metabolism_energy_metab-energy_02,cluster69
inline_digit-metabolism_energy_metab-energy_03,cluster251
inline_digit-metabolism_energy_metab-energy_04,cluster13
inline_digit-metabolism_redox_metab_redox_01,cluster157
inline_digit-metabolism_redox_metab_redox_02,cluster157
inline_digit-metabolism_redox_metab_redox_03,cluster176
inline_digit-metabolism_redox_metab_redox_04,cluster251
inline_digit-metabolism_redox_metab_redox_05,cluster24
inline_digit-metabolism_thermo_metab-thermo_01,cluster88
inline_digit-metabolism_thermo_metab-thermo_02,cluster88
inline_digit-metabolism_thermo_metab-thermo_03,cluster88
inline_digit-metabolism_thermo_metab-thermo_04,cluster88
a2_HS-pathway_regulation_pathways_q0,cluster184
a2_HS-pathway_regulation_pathways_q1,cluster184
a2_HS-pathway_regulation_pathways_q2,cluster43
a2_HS-pathway_regulation_pathways_q3,cluster173
a2_HS-pathway_regulation_pathways_q4,cluster184
a2_HS-pathway_regulation_pathways_q5,cluster173
a2_HS-pathway_regulation_pathways_q6,cluster65
inline_digit-intrometabolism_intro_met_01,cluster10
inline_digit-intrometabolism_intro_met_02,cluster190
inline_digit-intrometabolism_intro_met_03,cluster190
inline_digit-metabolism-regulation_metab-regul-01,cluster190
inline_digit-metabolism-regulation_metab-regul-02,cluster184
inline_digit-metabolism-regulation_metab-regul-03,cluster184
inline_digit-metabolism-regulation_metab-regul-04,cluster43
inline_digit-metabolism-regulation_metab-regul-05,cluster22
inline_l30_metreg_inhibitor_q3,cluster43
inline_l30_metreg_regulation_mcq_30_q01,cluster10
inline_l30_metreg_regulation_mcq_30_q06,cluster184
inline_l30_metreg_regulation_mcq_30_q07,cluster10
regulation_response_regulation_response_q1_regulation_response,cluster43
dynadrop_assessment_PCR_q1,cluster123
dynadrop_assessment_PCR_q1,cluster123
dynadrop_assessment_PCR_q1,cluster123
dynadrop_assessment_PCR_q1_t,cluster123
dynadrop_assessment_PCR_q1_t,cluster123
dynadrop_assessment_PCR_q1_t,cluster123
genetics_function_replication_lbd_q1,cluster10
genetics_function_replication_lbd_q2,cluster199
genetics_function_replication_lbd_q3,cluster199
genetics_function_replication_lbd_q4,cluster199
genetics_molecular_code_lbd_q1,cluster154
genetics_molecular_crime_lbd_q1,cluster17
genetics_molecular_crime_lbd_q2,cluster181
genetics_molecular_crime_lbd_q3,cluster204
genetics_molecular_czar_digt_q1,cluster245
genetics_molecular_dna_info_digt_q1,cluster128
genetics_molecular_helicase_digt_q1,cluster81
genetics_molecular_helicase_digt_q2,cluster199
genetics_molecular_helicase_digt_q3,cluster81
genetics_molecular_location_lbd_q10,cluster17
genetics_molecular_location_lbd_q1,cluster17
genetics_molecular_location_lbd_q2,cluster142
genetics_molecular_location_lbd_q3,cluster131
genetics_molecular_location_lbd_q4,cluster138
genetics_molecular_location_lbd_q5,cluster131
genetics_molecular_location_lbd_q6,cluster17
genetics_molecular_location_lbd_q7,cluster17
genetics_molecular_location_lbd_q8,cluster17
genetics_molecular_location_lbd_q9,cluster18
genetics_molecular_pcr_digt_q1_DNA_PCR,cluster81
genetics_molecular_pcr_digt_q2_DNA_PCR,cluster230
genetics_molecular_pcr_digt_q3_DNA_PCR,cluster200
genetics_molecular_pcr_digt_q4_DNA_PCR,cluster17
genetics_molecular_pcr_digt_q5_DNA_PCR,cluster17
genetics_molecular_pcr_digt_q6_DNA_PCR,cluster167
genetics_molecular_pcr_digt_q7_DNA_PCR,cluster230
genetics_molecular_quiz_genetics_molecular_DNA_m1_pool_q10,cluster53
genetics_molecular_quiz_genetics_molecular_DNA_m1_pool_q1,cluster128
genetics_molecular_quiz_genetics_molecular_DNA_m1_pool_q2,cluster112
genetics_molecular_quiz_genetics_molecular_DNA_m1_pool_q2a,cluster143
genetics_molecular_quiz_genetics_molecular_DNA_m1_pool_q3,cluster176
genetics_molecular_quiz_genetics_molecular_DNA_m1_pool_q3a_bases,cluster230
genetics_molecular_quiz_genetics_molecular_DNA_m1_pool_q4,cluster98
genetics_molecular_quiz_genetics_molecular_DNA_m1_pool_q5,cluster17
genetics_molecular_quiz_genetics_molecular_DNA_m1_pool_q6,cluster81
genetics_molecular_quiz_genetics_molecular_DNA_m1_pool_q7,cluster230
genetics_molecular_sequence_digt_q1_DNA_SEQUENCE,cluster230
genetics_molecular_sequence_digt_q1_DNA_SEQUENCE,cluster230
genetics_molecular_sequence_digt_q1_DNA_SEQUENCE,cluster230
inline_DNA_replication_id_q1_DNA_replication_helix,cluster17
inline_DNA_replication_id_q2_dbl_strand_code,cluster81
inline_DNA_replication_id_q3_DNA_replic_labels,cluster81
biochem_acid_or_base_DIGT_q1,cluster155
biochem_acid_or_base_DIGT_q2,cluster155
biochem_acid_or_base_DIGT_q3,cluster155
biochem_nucleic-acids_quiz_nucleic_acids_pool_a2_q1,cluster230
biochem_nucleic-acids_quiz_nucleic_acids_pool_a2_q5,cluster101
biochem_nucleic-acids_quiz_nucleic_acids_pool_a2_q6,cluster123
biochem_nucleic-acids_quiz_nucleic_acids_pool_a2_q7,cluster112
biochem_nucleic-acids_quiz_nucleic_acids_pool_a2_q8,cluster233
biochem_nucleic-acids_quiz_nucleic_acids_pool_a2_q9,cluster69
biochem_nucleic-acids_quiz_u3_biomacromolecules_unit_quiz_pool_q10,cluster23
biochem_nucleic-acids_quiz_u3_biomacromolecules_unit_quiz_pool_q11,cluster248
biochem_nucleic-acids_quiz_u3_biomacromolecules_unit_quiz_pool_q12,cluster198
biochem_nucleic-acids_quiz_u3_biomacromolecules_unit_quiz_pool_q13,cluster198
biochem_nucleic-acids_quiz_u3_biomacromolecules_unit_quiz_pool_q14,cluster127
biochem_nucleic-acids_quiz_u3_biomacromolecules_unit_quiz_pool_q15,cluster27
biochem_nucleic-acids_quiz_u3_biomacromolecules_unit_quiz_pool_q16,cluster27
biochem_nucleic-acids_quiz_u3_biomacromolecules_unit_quiz_pool_q17,cluster27
biochem_nucleic-acids_quiz_u3_biomacromolecules_unit_quiz_pool_q18,cluster27
biochem_nucleic-acids_quiz_u3_biomacromolecules_unit_quiz_pool_q19,cluster22
biochem_nucleic-acids_quiz_u3_biomacromolecules_unit_quiz_pool_q1,cluster176
biochem_nucleic-acids_quiz_u3_biomacromolecules_unit_quiz_pool_q20,cluster206
biochem_nucleic-acids_quiz_u3_biomacromolecules_unit_quiz_pool_q21,cluster206
biochem_nucleic-acids_quiz_u3_biomacromolecules_unit_quiz_pool_q22,cluster206
biochem_nucleic-acids_quiz_u3_biomacromolecules_unit_quiz_pool_q23,cluster18
biochem_nucleic-acids_quiz_u3_biomacromolecules_unit_quiz_pool_q24,cluster123
biochem_nucleic-acids_quiz_u3_biomacromolecules_unit_quiz_pool_q25,cluster163
biochem_nucleic-acids_quiz_u3_biomacromolecules_unit_quiz_pool_q26,cluster147
biochem_nucleic-acids_quiz_u3_biomacromolecules_unit_quiz_pool_q27,cluster22
biochem_nucleic-acids_quiz_u3_biomacromolecules_unit_quiz_pool_q28,cluster82
biochem_nucleic-acids_quiz_u3_biomacromolecules_unit_quiz_pool_q29,cluster2
biochem_nucleic-acids_quiz_u3_biomacromolecules_unit_quiz_pool_q2a,cluster27
biochem_nucleic-acids_quiz_u3_biomacromolecules_unit_quiz_pool_q30,cluster7
biochem_nucleic-acids_quiz_u3_biomacromolecules_unit_quiz_pool_q31,cluster212
biochem_nucleic-acids_quiz_u3_biomacromolecules_unit_quiz_pool_q32,cluster66
biochem_nucleic-acids_quiz_u3_biomacromolecules_unit_quiz_pool_q33,cluster7
biochem_nucleic-acids_quiz_u3_biomacromolecules_unit_quiz_pool_q3a,cluster160
biochem_nucleic-acids_quiz_u3_biomacromolecules_unit_quiz_pool_q47,cluster53
biochem_nucleic-acids_quiz_u3_biomacromolecules_unit_quiz_pool_q48,cluster136
biochem_nucleic-acids_quiz_u3_biomacromolecules_unit_quiz_pool_q49,cluster185
biochem_nucleic-acids_quiz_u3_biomacromolecules_unit_quiz_pool_q4a,cluster18
biochem_nucleic-acids_quiz_u3_biomacromolecules_unit_quiz_pool_q5,cluster43
biochem_nucleic-acids_quiz_u3_biomacromolecules_unit_quiz_pool_q6,cluster27
biochem_nucleic-acids_quiz_u3_biomacromolecules_unit_quiz_pool_q7,cluster27
biochem_nucleic-acids_quiz_u3_biomacromolecules_unit_quiz_pool_q8,cluster36
biochem_nucleic-acids_quiz_u3_biomacromolecules_unit_quiz_pool_q9,cluster162
biochem_pH_define_DIGT_q1,cluster62
biochem_pH_define_DIGT_q2,cluster62
inline_na_DNA_RNA_compared_q1_building_block,cluster233
inline_na_DNA_RNA_compared_q2_sugar_phosphate_backbone,cluster20
inline_na_DNA_RNA_compared_q3_base_thats_diff,cluster233
inline_na_DNA_structure_q1_bases_shown_in_JMOL,cluster80
inline_na_DNA_structure_q2_DNA_srand_arrangment,cluster80
inline_na_DNA_structure_q3_DNA_alt_structure,cluster80
inline_na_DNA_structure_q4_type_chem_bond,cluster81
inline_na_DNA_structure_q5_basepairing_rule,cluster199
inline_na_id_5end_3end_q1_5end,cluster112
inline_na_id_5end_3end_q2_DNA_ID_5end_3end,cluster112
inline_na_nitogenous_bases_q1_nitro_bases,cluster199
inline_na_nitogenous_bases_q2_adenine,cluster157
inline_na_nitogenous_bases_q3_cytosine,cluster101
inline_na_nitogenous_bases_q4_guanine,cluster101
inline_na_nitogenous_bases_q5_thymine,cluster101
inline_na_trinucleotide_q1_carbon_linked_to_base,cluster101
inline_na_trinucleotide_q2_unlabeled_carbons,cluster101
inline_na_trinucleotide_q3_labeled_sugar,cluster2
inline_na_trinucleotide_q4_carbon_above_sugar,cluster15
inline_na_trinucleotide_q5_carbon_below_sugar,cluster15
inline_na_trinucleotide_q6_molecule_ends,cluster230
nucleic_acids_ATP_energy_release_DIGT_q1,cluster69
nucleic_acids_ATP_mass_LBD_q1,cluster69
nucleic_acids_ATP_mass_LBD_q2,cluster69
_m4_aa_folding_DIGT_q1,cluster65
_m4_aa_folding_DIGT_q2,cluster65
_m4_amino_acid_parts_DIGT_q1,cluster162
_m4_amino_acid_parts_DIGT_q2,cluster162
_m4_amino_acid_parts_DIGT_q3,cluster162
_m4_amino_acid_parts_DIGT_q4,cluster162
_m4_amino_acids_LBD_q1,cluster162
_m4_amino_acids_LBD_q2,cluster162
_m4_amino_acids_LBD_q3_serine,cluster162
_m4_peptide_denature_LBD_q1,cluster82
_m4_peptide_denature_LBD_q2,cluster65
_m4_tripeptide_LBD_q1,cluster95
_m4_tripeptide_LBD_q2,cluster162
aa_proteins_quiz__m4_amino_acids_pool_q1,cluster162
aa_proteins_quiz__m4_amino_acids_pool_q2,cluster162
aa_proteins_quiz__m4_amino_acids_pool_q3,cluster162
aa_proteins_quiz__m4_amino_acids_pool_q4,cluster250
aa_proteins_quiz__m4_amino_acids_pool_q5,cluster162
aa_proteins_quiz__m4_enzymes_pool_q1,cluster22
aa_proteins_quiz__m4_enzymes_pool_q2,cluster82
aa_proteins_quiz__m4_enzymes_pool_q3,cluster66
aa_proteins_quiz__m4_enzymes_pool_q4,cluster43
aa_proteins_quiz__m4_enzymes_pool_q5,cluster61
aa_proteins_quiz__m4_enzymes_pool_q6,cluster43
aa_proteins_quiz__m4_enzymes_pool_q7,cluster43
aa_proteins_quiz__m4_proteins_pool_q1,cluster162
aa_proteins_quiz__m4_proteins_pool_q2,cluster65
aa_proteins_quiz__m4_proteins_pool_q3,cluster162
aa_proteins_quiz__m4_proteins_pool_q4,cluster162
aa_proteins_quiz__m4_proteins_pool_q5,cluster170
aa_proteins_quiz__m4_proteins_pool_q6,cluster248
proteins_oxygen_q1,cluster148
proteins_oxygen_q2,cluster82
proteins_oxygen_q3,cluster82
proteins_oxygen_q4_biomacro_function,cluster1
_m4_antacid_DIGT_q1,cluster61
_m4_enzyme_catalysis_DIGT_q1,cluster43
_m4_enzyme_catalysis_DIGT_q2,cluster66
_m4_enzyme_curve_DIGT_q1,cluster7
_m4_lactose_DIGT_q1,cluster70
_m4_lactose_lactase_DIGT_q1,cluster70
_m4_proteins_antibody_binding_LBD_q1,cluster212
_m4_proteins_antibody_binding_LBD_q2,cluster50
inline_bio_intro_abiotic_characteristics_q1_water,cluster147
inline_bio_intro_abiotic_characteristics_q2_bacteria,cluster50
inline_bio_intro_abiotic_characteristics_q3_glucose,cluster75
inline_bio_intro_abiotic_characteristics_q4_cotton,cluster99
inline_bio_intro_abiotic_characteristics_q5_carbon_dioxide,cluster117
inline_bio_intro_abiotic_characteristics_q6_yogurt,cluster68
inline_bio_intro_abiotic_characteristics_q7_cold_virus,cluster122
inline_bio_intro_virus_abiotic_DIGT_q1_are_viruses_alive,cluster122
inline_bio_intro_virus_characteristic_1v0_qv1_viruses_use_energy,cluster122
inline_bio_intro_virus_characteristic_2v1_qv2_viruses_respond_to_environment,cluster122
inline_bio_intro_virus_characteristic_3v0_qv3_viruses_reproduce_with_DNA,cluster122
inline_bio_intro_virus_characteristic_4v0_qv4_viruses_one_or_more_cells,cluster142
inline_first_emergent_property_level_q1,cluster154
inline_intro_to_bio_DIGT_v1_q1_biology_branches,cluster134
inline_intro_to_bio_DIGT_v1_q2_student_questions,cluster164
inline_levels_of_organization_DIGT_q1_encompassing_level,cluster154
inline_levels_of_organization_DIGT_q2_hamberger,cluster92
inline_levels_of_organization_DIGT_q3,cluster44
intro_biology_intro_quiz_intro_biology_intro_pool_q10,cluster244
intro_biology_intro_quiz_intro_biology_intro_pool_q11,cluster154
intro_biology_intro_quiz_intro_biology_intro_pool_q12_emer_prop,cluster154
intro_biology_intro_quiz_intro_biology_intro_pool_q4,cluster122
intro_biology_intro_quiz_intro_biology_intro_pool_q5,cluster50
intro_biology_intro_quiz_intro_biology_intro_pool_q6,cluster206
intro_biology_intro_quiz_intro_biology_intro_pool_q7,cluster92
intro_biology_intro_quiz_intro_biology_intro_pool_q8,cluster53
intro_biology_intro_quiz_intro_biology_intro_pool_q9,cluster128
control_experimental_lbd_q1,cluster4
control_experimental_lbd_q2,cluster4
fairies_digt_q1,cluster156
hpv_results_lbd_q1,cluster4
hypothesis_yes_no_q1,cluster172
hypothesis_yes_no_q2,cluster226
hypothesis_yes_no_q3,cluster37
hypothesis_yes_no_q4,cluster51
inline_experiment_results_significance_DIGT_q1,cluster54
inline_hpv_experiment_cv_q1_control_variables,cluster4
inline_hpv_experiment_dv_q1_dependent_variable,cluster4
inline_hpv_experiment_hypothesis_q1_hpv_hypo,cluster54
inline_hpv_experiment_iv_q1_indepen_var,cluster4
inline_hpv_experiment_significance_q2_next_question,cluster54
intro_scientific_method_quiz_intro_scientific_method_pool_a2_q2a,cluster226
intro_scientific_method_quiz_intro_scientific_method_pool_q1,cluster127
intro_scientific_method_quiz_intro_scientific_method_pool_q2,cluster127
intro_scientific_method_quiz_intro_scientific_method_pool_q3,cluster4
intro_scientific_method_quiz_intro_scientific_method_pool_q4,cluster113
pseudoscience_lbd_q1,cluster85
pseudoscience_lbd_q2,cluster18
what_is_science_digt2_q2_neurotransmitters,cluster226
what_is_science_submit_q1,cluster156
intro_themes_quiz_intro_themes_pool_q10,cluster41
intro_themes_quiz_intro_themes_pool_q12,cluster9
intro_themes_quiz_intro_themes_pool_q1,cluster206
intro_themes_quiz_intro_themes_pool_q2,cluster53
intro_themes_quiz_intro_themes_pool_q3,cluster9
intro_themes_quiz_intro_themes_pool_q5,cluster18
intro_themes_quiz_intro_themes_pool_q6,cluster50
intro_themes_quiz_intro_themes_pool_q7,cluster11
intro_themes_quiz_intro_themes_pool_q8,cluster11
intro_themes_quiz_intro_themes_pool_q9,cluster123
intro_themes_quiz_qintro_themes_pool_11,cluster134
u1_themes_dandelion_LBD_q1,cluster45
u1_themes_dandelion_LBD_q2,cluster25
u1_themes_dandelion_LBD_q3,cluster4
u1_themes_energy_and_matter_DIGT_q1,cluster68
u1_themes_energy_and_matter_DIGT_q2,cluster174
u1_themes_energy_and_matter_DIGT_q3,cluster174
u1_themes_energy_and_matter_DIGT_q4,cluster76
u1_themes_energy_and_matter_DIGT_q5,cluster206
u1_themes_energy_flow_LBD_q1,cluster18
u1_themes_energy_flow_LBD_q2,cluster18
u1_themes_energy_flow_LBD_q3,cluster18
u1_themes_energy_flow_LBD_q4,cluster18
u1_themes_energy_flow_LBD_q5,cluster23
u1_themes_energy_flow_LBD_q6,cluster76
u1_themes_evolution_DIGT_q1,cluster42
u1_themes_evolution_DIGT_q2,cluster50
u1_themes_evolution_DIGT_q3,cluster12
u1_themes_evolution_DIGT_q4,cluster174
u1_themes_evolution_DIGT_q5,cluster11
u1_themes_evolution_LBD_q1,cluster85
u1_themes_evolution_LBD_q2,cluster130
u1_themes_growth2_DIGT_q1,cluster230
u1_themes_growth2_DIGT_q2,cluster40
u1_themes_heat_energy_LBD_q1,cluster18
u1_themes_homeostasis_human_pH_DIGT_q1,cluster61
u1_themes_interdependence_DIGT_q1,cluster37
u1_themes_interdependence_DIGT_q2,cluster58
u1_themes_nutrients_DIGT_q1,cluster154
u1_themes_nutrients_DIGT_q2,cluster44
u1_themes_nutrients_DIGT_q3,cluster23
u1_themes_nutrients_DIGT_q4,cluster23
u1_themes_nutrients_DIGT_q5,cluster41
u1_themes_nutrients_DIGT_q6,cluster232
u1_themes_struct_func_DIGT_q1,cluster9
u1_themes_struct_func_DIGT_q2,cluster9
u1_themes_struct_func_LBD_q1,cluster244
u1_themes_struct_func_LBD_q2,cluster9
u1_themes_struct_func_LBD_q3,cluster9
u1_themes_struct_func_LBD_q4,cluster9
biochem_carbs_assemble_DIGT_q1,cluster68
biochem_carbs_characteristic_DIGT_q1,cluster26
biochem_carbs_characteristic_DIGT_q2,cluster110
biochem_carbs_dietary_DIGT_q1,cluster68
biochem_carbs_fiber_DIGT_q1,cluster137
biochem_carbs_quiz_biochem_carbs_pool_q2,cluster68
biochem_carbs_quiz_biochem_carbs_pool_q3,cluster180
biochem_carbs_quiz_biochem_carbs_pool_q5,cluster27
biochem_carbs_quiz_biochem_carbs_pool_q6,cluster23
biochem_carbs_quiz_biochem_carbs_pool_q7,cluster68
biochem_carbs_quiz_biochem_carbs_pool_q8,cluster18
biochem_carbs_quiz_biochem_carbs_pool_q9,cluster176
a2_HS-metab_tca_etran_tca_etrans_q0,cluster24
a2_HS-metab_tca_etran_tca_etrans_q1,cluster24
a2_HS-metab_tca_etran_tca_etrans_q3,cluster157
a2_HS-metab_tca_etran_tca_etrans_q4,cluster58
a2_HS-metab_tca_etran_tca_etrans_q5,cluster58
a2_HS-metab_tca_etran_tca_etrans_q6,cluster73
inline_digit-metabolism_etrans_atp_meta_etrans_atp_01,cluster238
inline_digit-metabolism_etrans_atp_meta_etrans_atp_02,cluster187
inline_digit-metabolism_etrans_atp_meta_etrans_atp_03,cluster124
inline_digit-metabolism_etrans_atp_meta_etrans_atp_04,cluster69
inline_digit-metabolism_etrans_atp_meta_etrans_atp_05,cluster69
inline_energy_defined_q1_chem_energy_not,cluster18
inline_energy_defined_q2_energy-def,cluster18
inline_energy_defined_q3_potential_energy_ex,cluster18
inline_energy_flow_q1_energy_form_form_of,cluster18
inline_energy_flow_q2_energy_source_energy,cluster18
inline_energy_flow_q3_energy_transformation_energy,cluster18
inline_energy_photosyn_constructn-blks_q1_photosyn_raw_materials_raw,cluster239
inline_energy_photosyn_constructn-blks_q2_photosyn_energy-source_energy,cluster239
inline_energy_photosyn_constructn-blks_q3_photosyn_product,cluster239
inline_energy_transformation_q1_energy_lost,cluster18
inline_energy_transformation_q2_no_sunlight,cluster45
inline_plants-and-energy_q1,cluster153
atp_build_hotspot1_q1,cluster199
atp_build_hotspot1_q2_ribose,cluster14
atp_build_hotspot1_q3,cluster117
atp_build_hotspot1_q4_phosphate,cluster69
atp_build_hotspot1_q5,cluster117
inline_ATP_ADP_difference_q1_structure_diff,cluster69
inline_atp_components_q1_adenine,cluster157
inline_atp_components_q2_phosphate,cluster15
inline_atp_components_q3_deoxyribose,cluster20
inline_atp_components_q4_guanine,cluster101
inline_atp_components_q4_ribose,cluster20
inline_cellular_work_q1,cluster69
inline_why_hydrolysis_releases_energy_q1_why_hyrdolysis_releases_energy,cluster69
inline_why_hydrolysis_releases_energy_q2_reaction_to_build_ATP,cluster69
inline_why_hydrolysis_releases_energy_q3_why_energy_is_required,cluster69
inline_why_hydrolysis_releases_energy_q4_effect_of_combining_like_charges,cluster32
inline-metab_pathway_types_q1_cell_resp,cluster200
inline-metab_pathway_types_q2_photosynthesis,cluster239
inline-metab_pathway_types_q3_synthesize_starch,cluster75
inline-metab_pathway_types_q4_digest_food_molecules,cluster23
inline-metab_pathway_types_q5_build_complex_products,cluster6
inline-metab_pathway_types_q6_release_energy,cluster18
inline-metab_pathway_types_q7_requires_energy,cluster18
inline-metab_pathway_types_q8_break_down_molecules,cluster23
inline_anabolic_reactions_energy_source_SC_q1_atp_energy_source,cluster69
inline_metab_ac_transfer_ATP_LBD_q1,cluster83
inline_metab_ac_transfer_ATP_LBD_q2,cluster83
inline_metab_ac_transfer_ATP_LBD_q3,cluster83
inline_metab_ac_transfer_ATP_LBD_q4,cluster83
inline_metab_high_energy_molecules_q1_high_energy_molecules,cluster251
inline_metab_high_energy_molecules_q2_energy_source,cluster18
inline_metab_high_energy_molecules_q3_atp,cluster69
inline_metab_high_energy_molecules_q4_energy_reation,cluster18
metab_energy_quiz_metab_energy_pool_part2_q10,cluster251
metab_energy_quiz_metab_energy_pool_part2_q11,cluster162
metab_energy_quiz_metab_energy_pool_part2_q13,cluster120
metab_energy_quiz_metab_energy_pool_part2_q14,cluster163
metab_energy_quiz_metab_energy_pool_part2_q16,cluster15
metab_energy_quiz_metab_energy_pool_part2_q17,cluster153
metab_energy_quiz_metab_energy_pool_part2_q18,cluster251
metab_energy_quiz_metab_energy_pool_part2_q1a,cluster18
metab_energy_quiz_metab_energy_pool_part2_q2,cluster18
metab_energy_quiz_metab_energy_pool_part2_q3,cluster114
metab_energy_quiz_metab_energy_pool_part2_q4,cluster18
metab_energy_quiz_metab_energy_pool_part2_q5,cluster114
metab_energy_quiz_metab_energy_pool_part2_q6,cluster114
metab_energy_quiz_metab_energy_pool_part2_q7a,cluster69
metab_energy_quiz_metab_energy_pool_part2_q9,cluster17
metab_energy_quiz_metab_energy_pool_q10,cluster162
metab_energy_quiz_metab_energy_pool_q11a,cluster69
metab_energy_quiz_metab_energy_pool_q12,cluster18
metab_energy_quiz_metab_energy_pool_q13,cluster150
metab_energy_quiz_metab_energy_pool_q14,cluster18
metab_energy_quiz_metab_energy_pool_q1,cluster18
metab_energy_quiz_metab_energy_pool_q2,cluster18
metab_energy_quiz_metab_energy_pool_q3,cluster18
metab_energy_quiz_metab_energy_pool_q4,cluster69
metab_energy_quiz_metab_energy_pool_q5,cluster69
metab_energy_quiz_metab_energy_pool_q6,cluster69
metab_energy_quiz_metab_energy_pool_q7,cluster69
metab_energy_quiz_metab_energy_pool_q8,cluster114
metab_energy_quiz_metab_energy_pool_q9,cluster190
a2_HS-metab-glycolysis_glycolysis_q0,cluster10
a2_HS-metab-glycolysis_glycolysis_q1,cluster10
a2_HS-metab-glycolysis_glycolysis_q2,cluster10
a2_HS-metab-glycolysis_glycolysis_q3,cluster10
a2_HS-metab-glycolysis_glycolysis_q4,cluster75
a2_HS-metab-glycolysis_glycolysis_q5,cluster28
a2_HS-metab-glycolysis_glycolysis_q6,cluster88
a2_HS-metab-glycolysis_glycolysis_q7,cluster114
a2_HS-metab-glycolysis_glycolysis_q8,cluster175
glycolysis_spontaneous_glycolysis_spontaneity,cluster88
inline_digit-metabolism_glycolysis_metab-glyco_01,cluster10
inline_digit-metabolism_glycolysis_metab-glyco_02,cluster22
inline_digit-metabolism_glycolysis_metab-glyco_03,cluster124
inline_digit-metabolism_glycolysis_metab-glyco_04,cluster10
inline_digit-metabolism_glycolysis_metab-glyco_05,cluster10
inline_digit-metabolism_glycolysis_metab-glyco_06,cluster124
inline_digit-metabolism_tca_metab_tca_01,cluster91
inline_digit-metabolism_tca_metab_tca_02,cluster168
inline_digit-metabolism_tca_metab_tca_03,cluster90
inline_digit-metabolism_tca_metab_tca_04,cluster24
inline_digit-metabolism_tca_metab_tca_05,cluster24
_u3_cells_theory_tenets_DIGT_q1,cluster53
