_u3_cell_cycle_DIGT_q1_DNA_rep_stage,cluster65
_u3_cell_cycle_DIGT_q2_interphase,cluster23
_u3_cell_cycle_DIGT_q3_daughter_cells,cluster49
_u3_cell_cycle_DIGT_q4_growing_stage,cluster23
_u3_cell_cycle_DIGT_q5_DNA_check_stage,cluster23
cells_and_chromosomes_quiz_cells_and_chromosomes_modquiz_pool_q10,cluster65
cells_and_chromosomes_quiz_cells_and_chromosomes_modquiz_pool_q11,cluster65
cells_and_chromosomes_quiz_cells_and_chromosomes_modquiz_pool_q12,cluster23
cells_and_chromosomes_quiz_cells_and_chromosomes_modquiz_pool_q13,cluster23
cells_and_chromosomes_quiz_cells_and_chromosomes_modquiz_pool_q14,cluster37
cells_and_chromosomes_quiz_cells_and_chromosomes_modquiz_pool_q15,cluster23
cells_and_chromosomes_quiz_cells_and_chromosomes_modquiz_pool_q16,cluster37
cells_and_chromosomes_quiz_cells_and_chromosomes_modquiz_pool_q17,cluster37
cells_and_chromosomes_quiz_cells_and_chromosomes_modquiz_pool_q18,cluster62
cells_and_chromosomes_quiz_cells_and_chromosomes_modquiz_pool_q19,cluster23
cells_and_chromosomes_quiz_cells_and_chromosomes_modquiz_pool_q1,cluster23
cells_and_chromosomes_quiz_cells_and_chromosomes_modquiz_pool_q2,cluster23
cells_and_chromosomes_quiz_cells_and_chromosomes_modquiz_pool_q3,cluster51
cells_and_chromosomes_quiz_cells_and_chromosomes_modquiz_pool_q4,cluster49
cells_and_chromosomes_quiz_cells_and_chromosomes_modquiz_pool_q5,cluster34
cells_and_chromosomes_quiz_cells_and_chromosomes_modquiz_pool_q6,cluster34
cells_and_chromosomes_quiz_cells_and_chromosomes_modquiz_pool_q7,cluster37
cells_and_chromosomes_quiz_cells_and_chromosomes_modquiz_pool_q8,cluster37
cells_and_chromosomes_quiz_cells_and_chromosomes_modquiz_pool_q9,cluster65
inline_DNA_structure_at_replication_DIGT_q1,cluster65
inline_DNA_structure_at_replication_DIGT_q2_m_phase,cluster23
inline_cell_repl_counting_chromosomes_q1,cluster37
inline_cell_repl_counting_chromosomes_q2,cluster37
inline_cell_repl_counting_chromosomes_q3,cluster37
inline_cell_repl_counting_chromosomes_q4,cluster37
inline_cell_repl_counting_chromosomes_DIGT_q1,cluster37
inline_cell_repl_counting_chromosomes_DIGT_q2,cluster37
inline_cell_repl_counting_chromosomes_DIGT_q3,cluster37
inline_cell_repl_counting_chromosomes_DIGT_q4,cluster37
inline_chromosome_regions_DIGT_q1,cluster56
inline_chromosome_regions_DIGT_q2,cluster37
inline_chromosome_regions_DIGT_q3_chromatids,cluster56
inline_chromosome_regions_DIGT_q4_centromeres,cluster34
inline_chromosomes_LBD_q1,cluster37
inline_chromosomes_LBD_q2,cluster37
inline_chromosomes_LBD_q3,cluster51
inline_distinguish_cell_type_DIGT_q1,cluster23
inline_distinguish_cell_type_DIGT_q2,cluster49
inline_distinguish_cell_type_DIGT_q3_somatic_cells,cluster49
inline_distinguish_cell_type_DIGT_q4_gametes,cluster51
inline_gamete_cells_function_LBD_q1,cluster59
inline_gamete_cells_function_LBD_q2,cluster49
inline_gamete_cells_function_LBD_q3,cluster59
inline_gamete_cells_function_LBD_q4,cluster23
inline_gamete_cells_function_LBD_q5,cluster23
_u3_cell_structure_functions_DIGT_q1,cluster3
_u3_cell_structure_functions_DIGT_q2,cluster63
dynadrop_assessment_punnett_q1_cap,cluster30
dynadrop_assessment_punnett_q1_cap,cluster30
dynadrop_assessment_punnett_q1_cap,cluster30
dynadrop_assessment_punnett_q1_small,cluster30
dynadrop_assessment_punnett_yr_q1_2cap,cluster30
dynadrop_assessment_punnett_yr_q1_2cap,cluster30
dynadrop_assessment_punnett_yr_q1_2cap,cluster30
dynadrop_assessment_punnett_yr_q1_2cap,cluster30
dynadrop_assessment_punnett_yr_q1_2small,cluster30
dynadrop_assessment_punnett_yr_q1_2small,cluster30
dynadrop_assessment_punnett_yr_q1_2small,cluster30
dynadrop_assessment_punnett_yr_q1_2small,cluster30
dynadrop_assessment_punnett_yr_q1_capSmall,cluster30
dynadrop_assessment_punnett_yr_q1_capSmall,cluster30
dynadrop_assessment_punnett_yr_q1_capSmall,cluster30
dynadrop_assessment_punnett_yr_q1_capSmall,cluster30
dynadrop_assessment_punnett_yr_q1_capSmall,cluster30
dynadrop_assessment_punnett_yr_q1_capSmall,cluster30
dynadrop_assessment_punnett_yr_q1_capSmall,cluster30
dynadrop_assessment_punnett_yr_q1_capSmall,cluster30
genetics_heredity_albino_digt_q1,cluster6
genetics_heredity_albino_digt_q2,cluster6
genetics_heredity_cell_division_digt_q1,cluster51
genetics_heredity_cell_division_digt_q2,cluster6
genetics_heredity_cells_LBD_q1,cluster23
genetics_heredity_cells_LBD_q2,cluster23
genetics_heredity_cells_LBD2_q1,cluster49
genetics_heredity_chromosome_digt_q1,cluster63
genetics_heredity_chromosome_digt_q2,cluster30
genetics_heredity_chromosome_digt_q3,cluster30
genetics_heredity_chromosome_digt_q4,cluster6
genetics_heredity_cystic_q1,cluster46
genetics_heredity_dihybrid_lbd_q1_y,cluster6
genetics_heredity_dihybrid_lbd_q2_y,cluster6
genetics_heredity_dihybrid_lbd_q3_g,cluster13
genetics_heredity_dihybrid_lbd_q4_g,cluster13
genetics_heredity_flowers_LBD_q1,cluster6
genetics_heredity_flowers_LBD_q2,cluster31
genetics_heredity_flowers_LBD3_q1,cluster23
genetics_heredity_geno_pheno_digt_q1,cluster6
genetics_heredity_geno_pheno_digt_q2_segr_law,cluster5
genetics_heredity_geno_pheno_digt_q3_prediction,cluster51
genetics_heredity_heteroxygous_digt_q1,cluster24
genetics_heredity_heterozygous_text_q1,cluster5
genetics_heredity_heterozygous_text_q2,cluster6
genetics_heredity_independent_assortment_lbd_q1,cluster6
genetics_heredity_independent_assortment_lbd_q2,cluster51
genetics_heredity_independent_assortment_lbd_q3,cluster51
genetics_heredity_independent_assortment_lbd_q4,cluster51
genetics_heredity_meiosis_digt_q1,cluster23
genetics_heredity_meiosis_digt_q2,cluster51
genetics_heredity_meiosis_digt_q3,cluster51
genetics_heredity_meiosis_digt_q4,cluster51
genetics_heredity_meiosis_digt_q5,cluster23
genetics_heredity_meiosis_digt_q6,cluster23
genetics_heredity_meiosis_lbd_q1,cluster34
genetics_heredity_mendells_contribution_SC_g1_qsub,cluster28
genetics_heredity_punnett_lbd_q1,cluster6
genetics_heredity_punnett_lbd_q2,cluster43
genetics_heredity_quiz_genetics_heredity_pool_q10,cluster18
genetics_heredity_quiz_genetics_heredity_pool_q11,cluster63
genetics_heredity_quiz_genetics_heredity_pool_q12,cluster63
genetics_heredity_quiz_genetics_heredity_pool_q13,cluster5
genetics_heredity_quiz_genetics_heredity_pool_q14,cluster51
genetics_heredity_quiz_genetics_heredity_pool_q15,cluster24
genetics_heredity_quiz_genetics_heredity_pool_q17,cluster51
genetics_heredity_quiz_genetics_heredity_pool_q18,cluster5
genetics_heredity_quiz_genetics_heredity_pool_q19,cluster24
genetics_heredity_quiz_genetics_heredity_pool_q1,cluster63
genetics_heredity_quiz_genetics_heredity_pool_q20,cluster5
genetics_heredity_quiz_genetics_heredity_pool_q21,cluster22
genetics_heredity_quiz_genetics_heredity_pool_q22,cluster6
genetics_heredity_quiz_genetics_heredity_pool_q23_beans,cluster63
genetics_heredity_quiz_genetics_heredity_pool_q24_beans,cluster6
genetics_heredity_quiz_genetics_heredity_pool_q25,cluster34
genetics_heredity_quiz_genetics_heredity_pool_q26,cluster37
genetics_heredity_quiz_genetics_heredity_pool_q27,cluster34
genetics_heredity_quiz_genetics_heredity_pool_q2,cluster6
genetics_heredity_quiz_genetics_heredity_pool_q3,cluster58
genetics_heredity_quiz_genetics_heredity_pool_q4,cluster23
genetics_heredity_quiz_genetics_heredity_pool_q5,cluster58
genetics_heredity_quiz_genetics_heredity_pool_q6_tongue,cluster63
genetics_heredity_quiz_genetics_heredity_pool_q7_tongue,cluster6
genetics_heredity_quiz_genetics_heredity_pool_q8_tongue,cluster6
genetics_heredity_quiz_genetics_heredity_pool_q9,cluster6
genetics_heredity_spaniels_digt_q1,cluster43
genetics_heredity_spaniels_digt_q2,cluster43
genetics_heredity_two_traits_digt_q1,cluster6
cell_division_meiosis_quiz_cell_division_meiosis_quiz_pool_q10,cluster37
cell_division_meiosis_quiz_cell_division_meiosis_quiz_pool_q1,cluster34
cell_division_meiosis_quiz_cell_division_meiosis_quiz_pool_q2,cluster59
cell_division_meiosis_quiz_cell_division_meiosis_quiz_pool_q3,cluster23
cell_division_meiosis_quiz_cell_division_meiosis_quiz_pool_q4,cluster37
cell_division_meiosis_quiz_cell_division_meiosis_quiz_pool_q5,cluster49
cell_division_meiosis_quiz_cell_division_meiosis_quiz_pool_q6,cluster34
cell_division_meiosis_quiz_cell_division_meiosis_quiz_pool_q7,cluster6
cell_division_meiosis_quiz_cell_division_meiosis_quiz_pool_q8,cluster51
cell_division_meiosis_quiz_cell_division_meiosis_quiz_pool_q9,cluster37
inline_meiosis-1_asexual_cell_division_q1,cluster23
inline_meiosis-1_asexual_cell_division_q2,cluster23
inline_meiosis-2_sex_vs_asex_DIGT_q1,cluster51
inline_meiosis-2_sex_vs_asex_DIGT_q2,cluster23
inline_meiosis-3_mitosis_vs_meiosis_LBD_q1,cluster34
inline_meiosis-3_mitosis_vs_meiosis_LBD_q2,cluster23
inline_meiosis-3_mitosis_vs_meiosis_LBD_q3,cluster37
inline_meiosis-3_mitosis_vs_meiosis_LBD_q4,cluster37
inline_meiosis-3_mitosis_vs_meiosis_LBD_q5,cluster5
inline_meiosis-5_daughter-cells_LBD_q1,cluster23
inline_meiosis-5_daughter-cells_LBD_q2,cluster37
inline_meiosis-6_telophase_LBD_q1,cluster23
inline_meiosis-6_telophase_LBD_q2_nbr_chromosomes_chromosome,cluster37
inline_meiosis-6_telophase_LBD_q3_genetic_variability,cluster34
inline_meiosis-6_telophase_LBD_q4_chromatids_separated,cluster34
inline_meiosis-7_non-disjunct_DIGT_q1,cluster6
inline_meiosis-8_importance_DIGT_q1,cluster34
cell_div_mitosis_quiz_cell_div_mitosis_quiz_pool_q1,cluster59
cell_div_mitosis_quiz_cell_div_mitosis_quiz_pool_q2,cluster59
cell_div_mitosis_quiz_cell_div_mitosis_quiz_pool_q3,cluster23
cell_div_mitosis_quiz_cell_div_mitosis_quiz_pool_q4,cluster23
cell_div_mitosis_quiz_cell_div_mitosis_quiz_pool_q5,cluster58
cell_div_mitosis_quiz_cell_div_mitosis_quiz_pool_q6,cluster23
cell_div_mitosis_quiz_cell_div_mitosis_quiz_pool_q7,cluster39
cell_div_mitosis_quiz_cell_div_mitosis_quiz_pool_q8,cluster23
inline_cell_cycle_irregular_cancer_q1,cluster55
inline_cell_cycle_irregular_cancer_q2,cluster6
inline_cell_cycle_irregular_cancer_q3,cluster6
inline_cell_repl_mitosis_function_q1,cluster23
inline_cell_repl_predict_genes_DIGT_q1,cluster37
inline_cell_repl_predict_genes_DIGT_q2,cluster37
inline_cell_repl_predict_genes_DIGT_q3,cluster23
inline_cell_repl_predict_genes_DIGT_q4,cluster23
inline_cell_structures_and_function_q1,cluster23
inline_cell_structures_and_function_q2,cluster40
inline_cell_structures_and_function_q3,cluster37
inline_m1_prophase_LBD_q1,cluster23
inline_m1_prophase_LBD_q2,cluster37
inline_m1_prophase_function_DIGT_q1,cluster6
inline_m1_prophase_function_DIGT_q2,cluster28
inline_m1_prophase_function_DIGT_q3,cluster6
inline_m2_metaphase_LBD_q1,cluster37
inline_m3_anaphase_function_DIGT_q1,cluster28
inline_m3_anaphase_function_DIGT_q2,cluster28
inline_m4_telophase_DIGT_q1,cluster49
inline_mitosis_phases_DIGT_q1,cluster23
inline_mitosis_phases_DIGT_q2,cluster56
inline_mitosis_phases_DIGT_q3,cluster46
inline_mitosis_phases_DIGT_q4,cluster34
inline_na_DNA_role_q1_RNA_primary_function,cluster0
inline_na_DNA_role_q2_DNA_makes_what_process,cluster59
inline_na_DNA_role_q2_DNA_makes_what,cluster59
inline_na_DNA_role_q3_number_of_bases_to_code_amino_acid,cluster4
molecular_genes_BCRA_digt_q1,cluster58
molecular_genes_codons_digt_q1,cluster59
molecular_genes_codons_digt_q2,cluster46
molecular_genes_codons_digt_q3,cluster4
molecular_genes_codons_digt_q4,cluster25
molecular_genes_codons_digt_q5,cluster4
molecular_genes_codons_lbd_q1,cluster4
molecular_genes_codons_lbd_q2,cluster4
molecular_genes_codons_lbd_q3,cluster4
molecular_genes_codons_lbd_q4,cluster17
molecular_genes_mutation_digt_q1,cluster63
molecular_genes_mutation_digt_q2,cluster24
molecular_genes_mutation_lbd_q1,cluster25
molecular_genes_mutation_lbd_q2,cluster4
molecular_genes_mutation_lbd_q3,cluster46
molecular_genes_mutation_lbd_q4,cluster12
molecular_genes_mutation_lbd_q5,cluster10
molecular_genes_mutation_lbd_q6,cluster12
molecular_genes_mutation_lbd_q7,cluster46
molecular_genes_mutation_lbd_q8,cluster12
molecular_genes_quiz_molecular_genes_m2quiz_pool_q10,cluster17
molecular_genes_quiz_molecular_genes_m2quiz_pool_q1,cluster24
molecular_genes_quiz_molecular_genes_m2quiz_pool_q2,cluster63
molecular_genes_quiz_molecular_genes_m2quiz_pool_q3,cluster65
molecular_genes_quiz_molecular_genes_m2quiz_pool_q4,cluster46
molecular_genes_quiz_molecular_genes_m2quiz_pool_q5,cluster42
molecular_genes_quiz_molecular_genes_m2quiz_pool_q6,cluster17
molecular_genes_quiz_molecular_genes_m2quiz_pool_q7,cluster12
molecular_genes_quiz_molecular_genes_m2quiz_pool_q8,cluster49
molecular_genes_quiz_molecular_genes_m2quiz_pool_q9,cluster4
molecular_genes_replication_lbd_q1_rep,cluster0
molecular_genes_replication_lbd_q2_rep,cluster0
molecular_genes_replication_lbd_q3_rep,cluster0
molecular_genes_replication_lbd_q4_rep,cluster0
molecular_genes_replication_lbd_q5,cluster58
molecular_genes_replication_lbd_q5_rep,cluster18
molecular_genes_transcription_compare_digt_q10,cluster25
molecular_genes_transcription_compare_digt_q11,cluster25
molecular_genes_transcription_compare_digt_q1,cluster65
molecular_genes_transcription_compare_digt_q2,cluster25
molecular_genes_transcription_compare_digt_q3,cluster17
molecular_genes_transcription_compare_digt_q4,cluster25
molecular_genes_transcription_compare_digt_q5,cluster25
molecular_genes_transcription_compare_digt_q6,cluster65
molecular_genes_transcription_compare_digt_q7,cluster65
molecular_genes_transcription_compare_digt_q8,cluster25
molecular_genes_transcription_compare_digt_q9,cluster62
molecular_genes_types_digt_q1,cluster12
nucleic_acid_building_protein_LBD_q1,cluster58
nucleic_acid_building_protein_LBD_q2,cluster65
nucleic_acid_building_protein_LBD_q3,cluster25
nucleic_acid_building_protein_LBD_q4,cluster4
nucleic_acids_building_protein_DIGT_q1,cluster17
nucleic_acids_building_protein_DIGT_q2,cluster17
nucleic_acids_building_protein_DIGT_q3,cluster17
CRP_lbd_q1,cluster46
CRP_lbd_q2,cluster61
genetics_gene_regulation_quiz_genetics_molecular_gene_regulation_pool_q10,cluster65
genetics_gene_regulation_quiz_genetics_molecular_gene_regulation_pool_q11,cluster64
genetics_gene_regulation_quiz_genetics_molecular_gene_regulation_pool_q12,cluster6
genetics_gene_regulation_quiz_genetics_molecular_gene_regulation_pool_q13,cluster46
genetics_gene_regulation_quiz_genetics_molecular_gene_regulation_pool_q1,cluster63
genetics_gene_regulation_quiz_genetics_molecular_gene_regulation_pool_q2,cluster24
genetics_gene_regulation_quiz_genetics_molecular_gene_regulation_pool_q3,cluster13
genetics_gene_regulation_quiz_genetics_molecular_gene_regulation_pool_q4,cluster23
genetics_gene_regulation_quiz_genetics_molecular_gene_regulation_pool_q5,cluster24
genetics_gene_regulation_quiz_genetics_molecular_gene_regulation_pool_q6,cluster23
genetics_gene_regulation_quiz_genetics_molecular_gene_regulation_pool_q7,cluster23
genetics_gene_regulation_quiz_genetics_molecular_gene_regulation_pool_q8,cluster23
genetics_gene_regulation_quiz_genetics_molecular_gene_regulation_pool_q9,cluster10
glucose_lactose_digt_q1_gluc_lac_A,cluster65
glucose_lactose_digt_q1_gluc_lac_B,cluster65
glucose_lactose_digt_q1_gluc_lac_C,cluster65
glucose_lactose_digt_q2_gluc_lac_A_gl,cluster65
glucose_lactose_digt_q2_gluc_lac_B_gl,cluster65
glucose_lactose_digt_q2_gluc_lac_C_gl,cluster65
glucose_lactose_digt_q3_gluc_lac_A_gl,cluster65
glucose_lactose_digt_q3_gluc_lac_B_gl,cluster65
glucose_lactose_digt_q3_gluc_lac_C_gl,cluster65
glucose_lactose_digt_q4_gluc_lac_A_gl,cluster65
glucose_lactose_digt_q4_gluc_lac_B_gl,cluster65
glucose_lactose_digt_q4_gluc_lac_C_gl,cluster65
molecular_structure_on_off_digt_q1,cluster61
molecular_structure_on_off_digt_q2,cluster61
molecular_structure_on_off_digt_q3,cluster61
operon_lbd_q1,cluster24
operon_lbd_q2,cluster24
operon_lbd_q3,cluster65
operon_lbd_q4,cluster58
operon_lbd_q5,cluster15
prokaryotic_vs_eukaryotic_digt_q1,cluster28
prokaryotic_vs_eukaryotic_digt_q2,cluster65
prokaryotic_vs_eukaryotic_digt_q3,cluster65
prokaryotic_vs_eukaryotic_digt_q4,cluster65
prokaryotic_vs_eukaryotic_digt_q5,cluster65
protein_coding_gene_parts_digt_q1,cluster24
repressor_digt_q1_rep_A,cluster6
repressor_digt_q1_rep_B,cluster6
repressor_digt_q2_rep_A_rep,cluster6
repressor_digt_q2_rep_B_rep,cluster6
tryptophan2_digt_q1,cluster58
tryptophan_digt_q1,cluster23
what_affects_phenotype_digt_q1,cluster24
whats_a_gene_digt_q1,cluster63
whats_a_gene_digt_q2,cluster58
a2_HS-AWB-01_bonding-02,cluster8
a2_HS-AWB-01_bonding-03,cluster27
a2_HS-AWB-01_bonding-04,cluster27
a2_HS-AWB-01_bonding-05,cluster2
a2_HS-AWB-01_bonding-06,cluster28
a2_HS-AWB-01_bonding-07,cluster27
a2_HS-AWB-01_bonding-08,cluster27
a2_HS-AWB-01_bonding-09,cluster27
a2_HS-AWB-01_bonding-10,cluster27
a2_HS-AWB-01_bonding-11,cluster27
a2_HS-AWB-01_bonding-12,cluster8
a2_HS-AWB-01_bonding-13,cluster2
a2_HS-AWB-01_bonding-14,cluster8
a2_HS-AWB-01_bonding-15,cluster44
a2_HS-AWB-01_bonding-17,cluster66
a2_HS-AWB-01_water-01,cluster44
a2_HS-AWB-01_water-02,cluster2
a2_HS-AWB-01_water-03,cluster2
a2_HS-AWB-01_water-04,cluster69
a2_HS-AWB-01_water-05,cluster2
a2_HS-AWB-01_water-06,cluster2
a2_HS-AWB-01_water-07,cluster2
a2_HS-AWB-01_water-08,cluster2
atoms_glucose_mass_number_bonds,cluster40
atoms_nitrogen_mass_mass_glucose,cluster61
atoms_nitrogen_mass_nitrogen_mass,cluster26
atoms_nitrogen_mass_nitrogen_mass,cluster26
atoms_nitrogen_mass_nitrogen_mass,cluster26
biology_diagram_biologyPH1_q1_biologyPH1,cluster19
bonding_chiral_chloro_fluoro_bromo_methane_Chiral_centers_cl_f_br_methane_1,cluster12
bonding_chiral_chloro_fluoro_methane_Chiral_centers_cl_f_methane_1,cluster66
bonding_chiral_chloro_fluoro_methane_chiral_centers_cl_f_methane_2,cluster42
bonding_chiral_glyceraldehyde_Chiral_centers_glyceraldehyde,cluster66
bonding_chiral_thr_Chiral_centers_thr,cluster4
bonding_geometry1_bonding_geometry_1,cluster66
bonding_geometry1_bonding_geometry_2,cluster3
bonding_geometry1_bonding_geometry_3,cluster66
bonding_geometry1_bonding_geometry_4,cluster3
bonding_response_bonding_response_q1_bonding_response,cluster44
inline_atoms_only_q1,cluster33
inline_atoms_only_q2,cluster27
inline_atoms_only_q3,cluster8
inline_atoms_only_q4,cluster27
inline_atoms_only_q6,cluster66
inline_bonding_only_q1,cluster2
inline_bonding_only_q2,cluster8
inline_bonding_only_q3,cluster27
inline_func_groups_q0,cluster22
inline_func_groups_q0,cluster22
inline_func_groups_q1,cluster57
inline_func_groups_q2,cluster12
inline_func_groups_q3,cluster44
inline_water_only_q1,cluster2
inline_water_only_q2,cluster2
inline_water_only_q3,cluster12
water_1_water_1_properties_water_1,cluster2
water_structure_water_elements,cluster42
water_structure_water_structure_representation1,cluster2
biochem_atoms_protons_DIGT_q1_protons,cluster26
biochem_atoms_protons_DIGT_q2_electrons,cluster15
biochem_atoms_protons_DIGT_q3_neutrons,cluster26
biochem_bonding_H_bonds-defined_LBD_q1,cluster27
biochem_bonding_H_bonds_DIGT1_q1,cluster27
biochem_bonding_H_bonds_DIGT1_q2,cluster26
biochem_bonding_Hydrogen_bonds_LBD_q1,cluster27
biochem_bonding_ammonia_DIGT_q1,cluster8
biochem_bonding_covalent_DIGT_q1,cluster20
biochem_bonding_covalent_DIGT_q2,cluster27
biochem_bonding_covalent_DIGT_q3,cluster27
biochem_bonding_electron_LBD_q1,cluster33
biochem_bonding_electron_LBD_q2,cluster33
biochem_bonding_electron_LBD_q3,cluster8
biochem_bonding_interact_DIGT_q1,cluster20
biochem_bonding_ionic_LBD2_q1,cluster30
biochem_bonding_ionic_LBD2_q2,cluster0
biochem_bonding_ionic_LBD2_q3,cluster30
biochem_bonding_molec_form_LBD_q1,cluster27
biochem_bonding_molec_form_LBD_q2,cluster27
biochem_bonding_molec_form_LBD_q3,cluster27
biochem_bonding_molec_formula_DIGT_q1,cluster12
biochem_bonding_quiz_biochem_chemical_bonds_pool_q12,cluster15
biochem_bonding_quiz_biochem_chemical_bonds_pool_q13,cluster28
biochem_bonding_quiz_biochem_chemical_bonds_pool_q14,cluster15
biochem_bonding_quiz_biochem_chemical_bonds_pool_q15,cluster68
biochem_bonding_quiz_biochem_chemical_bonds_pool_q16,cluster39
biochem_bonding_quiz_biochem_chemical_bonds_pool_q17,cluster62
biochem_bonding_quiz_biochem_chemical_bonds_pool_q1,cluster27
biochem_bonding_quiz_biochem_chemical_bonds_pool_q2,cluster27
biochem_bonding_quiz_biochem_chemical_bonds_pool_q3,cluster66
biochem_bonding_quiz_biochem_chemical_bonds_pool_q4,cluster33
biochem_bonding_quiz_biochem_chemical_bonds_pool_q5,cluster2
biochem_bonding_quiz_biochem_chemical_bonds_pool_q6,cluster2
biochem_bonding_quiz_biochem_chemical_bonds_pool_q7,cluster44
biochem_bonding_quiz_biochem_chemical_bonds_pool_q8,cluster56
biochem_bonding_quiz_biochem_chemical_bonds_pool_q9,cluster33
biochem_bonding_saltwater_submit_DIGT_q1,cluster2
biochem_bonding_types_DIGT_q1,cluster33
biochem_bonding_types_DIGT_q2,cluster6
biochem_lipids_quiz_lipids_pool_a2_q10,cluster3
biochem_lipids_quiz_lipids_pool_a2_q11,cluster2
biochem_lipids_quiz_lipids_pool_a2_q12,cluster60
biochem_lipids_quiz_lipids_pool_a2_q13,cluster6
biochem_lipids_quiz_lipids_pool_a2_q14,cluster56
biochem_lipids_quiz_lipids_pool_a2_q15,cluster3
biochem_lipids_quiz_lipids_pool_a2_q16,cluster3
biochem_lipids_quiz_lipids_pool_a2_q17,cluster3
biochem_lipids_quiz_lipids_pool_a2_q18,cluster4
biochem_lipids_quiz_lipids_pool_a2_q19,cluster23
biochem_lipids_quiz_lipids_pool_a2_q1,cluster3
biochem_lipids_quiz_lipids_pool_a2_q2,cluster3
biochem_lipids_quiz_lipids_pool_a2_q3,cluster3
biochem_lipids_quiz_lipids_pool_a2_q4,cluster3
biochem_lipids_quiz_lipids_pool_a2_q5,cluster12
biochem_lipids_quiz_lipids_pool_a2_q6,cluster12
biochem_lipids_quiz_lipids_pool_a2_q7,cluster23
inline_janes_cholesterol_levels_sc_q1_cholesterol_levels_findings,cluster38
inline_lipids_characteristic_lipid-MB-08,cluster58
inline_lipids_cholesterol_q1_lipids_cholesterol,cluster58
inline_lipids_cholesterol_q2_lipids_steriods,cluster58
inline_lipids_fatty_acids_DIGT_q1_saturated_fats,cluster17
inline_lipids_fatty_acids_DIGT_q2_heart_disease_risk,cluster18
inline_lipids_fatty_acids_characteristics_q1_cc_double_bond,cluster66
inline_lipids_fatty_acids_characteristics_q2_glycerol,cluster17
inline_lipids_fatty_acids_characteristics_q3_energy_sotrage,cluster60
inline_lipids_fatty_acids_characteristics_q4_bent_carbon_chains,cluster66
inline_lipids_fatty_acids_characteristics_q5_room_temperature,cluster69
inline_lipids_fatty_acids_characteristics_q6_called_oils,cluster28
inline_lipids_fatty_acids_hydrogenation_q1_vegetable_oil,cluster6
inline_lipids_fatty_acids_hydrogenation_q2_chemical_level,cluster29
inline_lipids_id_examples_q1_steroid,cluster12
inline_lipids_id_examples_q2_fats_oils,cluster3
inline_lipids_id_examples_q3_phospholipid,cluster12
inline_lipids_key_characteristic_q1_lipid_key_characteristic,cluster42
inline_lipids_phospholipids_structure_q1_sphere,cluster40
inline_lipids_phospholipids_structure_q2_yellow_lines,cluster40
inline_lipids_phospholipids_structure_q3_location_of_water,cluster2
inline_lipids_phospholipids_structure_q4_cell_inside,cluster23
inline_lipids_wax_structure_q1,cluster3
inline_lipids_wax_structure_q2,cluster58
inline_phospholipid_fatty_acids_cold_climates_q1_cold_climate,cluster17
lipids_hydrophobic_v1_phospholipid_hyrdophobic,cluster25
_u3_cell_membrane_fluidity_LBD_q1_prokaryote_membrane_fluidity,cluster23
_u3_cell_membrane_fluidity_LBD_q2_bacteria_membrane_fluidity,cluster23
_u3_m2_fluid_mosaics_DIGT__u3_m2_flued_mosaics_DIGT_q1,cluster62
_u3_m2_fluid_mosaics_DIGT__u3_m2_flued_mosaics_DIGT_q2,cluster39
_u3_m2_fluid_mosaics_DIGT__u3_m2_flued_mosaics_DIGT_q3,cluster12
cell_membrane_quiz_cell_membrane_pool_a2_q1,cluster14
cell_membrane_quiz_cell_membrane_pool_a2_q2,cluster42
cell_membrane_quiz_cell_membrane_pool_a2_q3,cluster23
cell_membrane_quiz_cell_membrane_pool_a2_q4a,cluster14
cell_membrane_quiz_cell_membrane_pool_a2_q5a,cluster23
cell_membrane_quiz_cell_membrane_pool_a2_q6a,cluster14
cell_membrane_quiz_cell_membrane_pool_a2_q7,cluster14
cell_membrane_quiz_cell_membrane_pool_a2_q8,cluster49
inline_phospholipid_bilayer_q1_transport_needed,cluster14
inline_phospholipid_bilayer_q2_oxygen_concentration,cluster5
u3_m2_macro_and_function_LBD_q1_entire,cluster23
u3_m2_macro_and_function_LBD_q1,cluster23
u3_m2_macro_and_function_LBD_q1_inner_edge,cluster23
u3_m2_macro_and_function_LBD_q1_integral,cluster23
u3_m2_macro_and_function_LBD_q1_membrane,cluster23
u3_m2_macro_and_function_LBD_q1_outer_edge,cluster23
u3_m2_macro_and_function_LBD_q1_peripheral,cluster23
u3_m2_macro_and_function_LBD_q1,cluster23
u4_archaean_cell_membrane_func_DIGT_q1,cluster23
u4_archaean_cell_membrane_func_DIGT_q2,cluster23
u4_bacteria_parts_LBD_q1,cluster22
u4_bacteria_parts_LBD_q2,cluster6
u4_bacteria_parts_LBD_q3,cluster23
a2_HS-metab-energetics_energetics_q1,cluster60
a2_HS-metab-energetics_energetics_q2,cluster60
a2_HS-metab-energetics_energetics_q3,cluster60
a2_HS-metab-energetics_energetics_q5,cluster29
a2_HS-metab-energetics_energetics_q6,cluster58
a2_HS-metab-energetics_energetics_q7,cluster60
a2_HS-metab-energetics_energetics_q8,cluster60
inline_digit-metabolism_coupling_meta_coupling_01,cluster23
inline_digit-metabolism_coupling_meta_coupling_02,cluster60
inline_digit-metabolism_coupling_meta_coupling_03,cluster60
inline_digit-metabolism_energy_metab-energy_01,cluster60
inline_digit-metabolism_energy_metab-energy_02,cluster12
inline_digit-metabolism_energy_metab-energy_03,cluster60
inline_digit-metabolism_energy_metab-energy_04,cluster15
inline_digit-metabolism_redox_metab_redox_01,cluster12
inline_digit-metabolism_redox_metab_redox_02,cluster48
inline_digit-metabolism_redox_metab_redox_03,cluster58
inline_digit-metabolism_redox_metab_redox_04,cluster60
inline_digit-metabolism_redox_metab_redox_05,cluster48
inline_digit-metabolism_thermo_metab-thermo_01,cluster60
inline_digit-metabolism_thermo_metab-thermo_02,cluster41
inline_digit-metabolism_thermo_metab-thermo_03,cluster58
inline_digit-metabolism_thermo_metab-thermo_04,cluster60
a2_HS-pathway_regulation_pathways_q0,cluster30
a2_HS-pathway_regulation_pathways_q1,cluster54
a2_HS-pathway_regulation_pathways_q2,cluster41
a2_HS-pathway_regulation_pathways_q3,cluster27
a2_HS-pathway_regulation_pathways_q4,cluster41
a2_HS-pathway_regulation_pathways_q5,cluster64
a2_HS-pathway_regulation_pathways_q6,cluster46
inline_digit-intrometabolism_intro_met_01,cluster30
inline_digit-intrometabolism_intro_met_02,cluster30
inline_digit-intrometabolism_intro_met_03,cluster30
inline_digit-metabolism-regulation_metab-regul-01,cluster30
inline_digit-metabolism-regulation_metab-regul-02,cluster64
inline_digit-metabolism-regulation_metab-regul-03,cluster41
inline_digit-metabolism-regulation_metab-regul-04,cluster41
inline_digit-metabolism-regulation_metab-regul-05,cluster64
inline_l30_metreg_inhibitor_q3,cluster41
inline_l30_metreg_regulation_mcq_30_q01,cluster30
inline_l30_metreg_regulation_mcq_30_q06,cluster11
inline_l30_metreg_regulation_mcq_30_q07,cluster11
regulation_response_regulation_response_q1_regulation_response,cluster41
dynadrop_assessment_PCR_q1,cluster30
dynadrop_assessment_PCR_q1,cluster30
dynadrop_assessment_PCR_q1,cluster30
dynadrop_assessment_PCR_q1_t,cluster30
dynadrop_assessment_PCR_q1_t,cluster30
dynadrop_assessment_PCR_q1_t,cluster30
genetics_function_replication_lbd_q1,cluster6
genetics_function_replication_lbd_q2,cluster6
genetics_function_replication_lbd_q3,cluster6
genetics_function_replication_lbd_q4,cluster6
genetics_molecular_code_lbd_q1,cluster46
genetics_molecular_crime_lbd_q1,cluster65
genetics_molecular_crime_lbd_q2,cluster69
genetics_molecular_crime_lbd_q3,cluster47
genetics_molecular_czar_digt_q1,cluster40
genetics_molecular_dna_info_digt_q1,cluster63
genetics_molecular_helicase_digt_q1,cluster65
genetics_molecular_helicase_digt_q2,cluster25
genetics_molecular_helicase_digt_q3,cluster65
genetics_molecular_location_lbd_q10,cluster65
genetics_molecular_location_lbd_q1,cluster65
genetics_molecular_location_lbd_q2,cluster14
genetics_molecular_location_lbd_q3,cluster6
genetics_molecular_location_lbd_q4,cluster14
genetics_molecular_location_lbd_q5,cluster49
genetics_molecular_location_lbd_q6,cluster65
genetics_molecular_location_lbd_q7,cluster65
genetics_molecular_location_lbd_q8,cluster59
genetics_molecular_location_lbd_q9,cluster60
genetics_molecular_pcr_digt_q1_DNA_PCR,cluster67
genetics_molecular_pcr_digt_q2_DNA_PCR,cluster65
genetics_molecular_pcr_digt_q3_DNA_PCR,cluster53
genetics_molecular_pcr_digt_q4_DNA_PCR,cluster65
genetics_molecular_pcr_digt_q5_DNA_PCR,cluster65
genetics_molecular_pcr_digt_q6_DNA_PCR,cluster25
genetics_molecular_pcr_digt_q7_DNA_PCR,cluster65
genetics_molecular_quiz_genetics_molecular_DNA_m1_pool_q10,cluster49
genetics_molecular_quiz_genetics_molecular_DNA_m1_pool_q1,cluster63
genetics_molecular_quiz_genetics_molecular_DNA_m1_pool_q2,cluster17
genetics_molecular_quiz_genetics_molecular_DNA_m1_pool_q2a,cluster23
genetics_molecular_quiz_genetics_molecular_DNA_m1_pool_q3,cluster58
genetics_molecular_quiz_genetics_molecular_DNA_m1_pool_q3a_bases,cluster65
genetics_molecular_quiz_genetics_molecular_DNA_m1_pool_q4,cluster46
genetics_molecular_quiz_genetics_molecular_DNA_m1_pool_q5,cluster65
genetics_molecular_quiz_genetics_molecular_DNA_m1_pool_q6,cluster25
genetics_molecular_quiz_genetics_molecular_DNA_m1_pool_q7,cluster65
genetics_molecular_sequence_digt_q1_DNA_SEQUENCE,cluster65
genetics_molecular_sequence_digt_q1_DNA_SEQUENCE,cluster65
genetics_molecular_sequence_digt_q1_DNA_SEQUENCE,cluster65
inline_DNA_replication_id_q1_DNA_replication_helix,cluster65
inline_DNA_replication_id_q2_dbl_strand_code,cluster67
inline_DNA_replication_id_q3_DNA_replic_labels,cluster67
biochem_acid_or_base_DIGT_q1,cluster52
biochem_acid_or_base_DIGT_q2,cluster52
biochem_acid_or_base_DIGT_q3,cluster52
biochem_nucleic-acids_quiz_nucleic_acids_pool_a2_q1,cluster23
biochem_nucleic-acids_quiz_nucleic_acids_pool_a2_q5,cluster52
biochem_nucleic-acids_quiz_nucleic_acids_pool_a2_q6,cluster6
biochem_nucleic-acids_quiz_nucleic_acids_pool_a2_q7,cluster4
biochem_nucleic-acids_quiz_nucleic_acids_pool_a2_q8,cluster65
biochem_nucleic-acids_quiz_nucleic_acids_pool_a2_q9,cluster57
biochem_nucleic-acids_quiz_u3_biomacromolecules_unit_quiz_pool_q10,cluster42
biochem_nucleic-acids_quiz_u3_biomacromolecules_unit_quiz_pool_q11,cluster5
biochem_nucleic-acids_quiz_u3_biomacromolecules_unit_quiz_pool_q12,cluster3
biochem_nucleic-acids_quiz_u3_biomacromolecules_unit_quiz_pool_q13,cluster3
biochem_nucleic-acids_quiz_u3_biomacromolecules_unit_quiz_pool_q14,cluster57
biochem_nucleic-acids_quiz_u3_biomacromolecules_unit_quiz_pool_q15,cluster12
biochem_nucleic-acids_quiz_u3_biomacromolecules_unit_quiz_pool_q16,cluster12
biochem_nucleic-acids_quiz_u3_biomacromolecules_unit_quiz_pool_q17,cluster12
biochem_nucleic-acids_quiz_u3_biomacromolecules_unit_quiz_pool_q18,cluster12
biochem_nucleic-acids_quiz_u3_biomacromolecules_unit_quiz_pool_q19,cluster64
biochem_nucleic-acids_quiz_u3_biomacromolecules_unit_quiz_pool_q1,cluster58
biochem_nucleic-acids_quiz_u3_biomacromolecules_unit_quiz_pool_q20,cluster12
biochem_nucleic-acids_quiz_u3_biomacromolecules_unit_quiz_pool_q21,cluster12
biochem_nucleic-acids_quiz_u3_biomacromolecules_unit_quiz_pool_q22,cluster12
biochem_nucleic-acids_quiz_u3_biomacromolecules_unit_quiz_pool_q23,cluster60
biochem_nucleic-acids_quiz_u3_biomacromolecules_unit_quiz_pool_q24,cluster30
biochem_nucleic-acids_quiz_u3_biomacromolecules_unit_quiz_pool_q25,cluster17
biochem_nucleic-acids_quiz_u3_biomacromolecules_unit_quiz_pool_q26,cluster2
biochem_nucleic-acids_quiz_u3_biomacromolecules_unit_quiz_pool_q27,cluster64
biochem_nucleic-acids_quiz_u3_biomacromolecules_unit_quiz_pool_q28,cluster42
biochem_nucleic-acids_quiz_u3_biomacromolecules_unit_quiz_pool_q29,cluster12
biochem_nucleic-acids_quiz_u3_biomacromolecules_unit_quiz_pool_q2a,cluster12
biochem_nucleic-acids_quiz_u3_biomacromolecules_unit_quiz_pool_q30,cluster46
biochem_nucleic-acids_quiz_u3_biomacromolecules_unit_quiz_pool_q31,cluster46
biochem_nucleic-acids_quiz_u3_biomacromolecules_unit_quiz_pool_q32,cluster41
biochem_nucleic-acids_quiz_u3_biomacromolecules_unit_quiz_pool_q33,cluster64
biochem_nucleic-acids_quiz_u3_biomacromolecules_unit_quiz_pool_q3a,cluster58
biochem_nucleic-acids_quiz_u3_biomacromolecules_unit_quiz_pool_q47,cluster49
biochem_nucleic-acids_quiz_u3_biomacromolecules_unit_quiz_pool_q48,cluster42
biochem_nucleic-acids_quiz_u3_biomacromolecules_unit_quiz_pool_q49,cluster42
biochem_nucleic-acids_quiz_u3_biomacromolecules_unit_quiz_pool_q4a,cluster60
biochem_nucleic-acids_quiz_u3_biomacromolecules_unit_quiz_pool_q5,cluster41
biochem_nucleic-acids_quiz_u3_biomacromolecules_unit_quiz_pool_q6,cluster12
biochem_nucleic-acids_quiz_u3_biomacromolecules_unit_quiz_pool_q7,cluster12
biochem_nucleic-acids_quiz_u3_biomacromolecules_unit_quiz_pool_q8,cluster58
biochem_nucleic-acids_quiz_u3_biomacromolecules_unit_quiz_pool_q9,cluster22
biochem_pH_define_DIGT_q1,cluster8
biochem_pH_define_DIGT_q2,cluster17
inline_na_DNA_RNA_compared_q1_building_block,cluster65
inline_na_DNA_RNA_compared_q2_sugar_phosphate_backbone,cluster65
inline_na_DNA_RNA_compared_q3_base_thats_diff,cluster65
inline_na_DNA_structure_q1_bases_shown_in_JMOL,cluster3
inline_na_DNA_structure_q2_DNA_srand_arrangment,cluster67
inline_na_DNA_structure_q3_DNA_alt_structure,cluster3
inline_na_DNA_structure_q4_type_chem_bond,cluster65
inline_na_DNA_structure_q5_basepairing_rule,cluster8
inline_na_id_5end_3end_q1_5end,cluster25
inline_na_id_5end_3end_q2_DNA_ID_5end_3end,cluster25
inline_na_nitogenous_bases_q1_nitro_bases,cluster6
inline_na_nitogenous_bases_q2_adenine,cluster40
inline_na_nitogenous_bases_q3_cytosine,cluster6
inline_na_nitogenous_bases_q4_guanine,cluster6
inline_na_nitogenous_bases_q5_thymine,cluster6
inline_na_trinucleotide_q1_carbon_linked_to_base,cluster66
inline_na_trinucleotide_q2_unlabeled_carbons,cluster66
inline_na_trinucleotide_q3_labeled_sugar,cluster12
inline_na_trinucleotide_q4_carbon_above_sugar,cluster22
inline_na_trinucleotide_q5_carbon_below_sugar,cluster22
inline_na_trinucleotide_q6_molecule_ends,cluster5
nucleic_acids_ATP_energy_release_DIGT_q1,cluster60
nucleic_acids_ATP_mass_LBD_q1,cluster60
nucleic_acids_ATP_mass_LBD_q2,cluster42
_m4_aa_folding_DIGT_q1,cluster4
_m4_aa_folding_DIGT_q2,cluster46
_m4_amino_acid_parts_DIGT_q1,cluster4
_m4_amino_acid_parts_DIGT_q2,cluster4
_m4_amino_acid_parts_DIGT_q3,cluster4
_m4_amino_acid_parts_DIGT_q4,cluster4
_m4_amino_acids_LBD_q1,cluster33
_m4_amino_acids_LBD_q2,cluster17
_m4_amino_acids_LBD_q3_serine,cluster4
_m4_peptide_denature_LBD_q1,cluster27
_m4_peptide_denature_LBD_q2,cluster46
_m4_tripeptide_LBD_q1,cluster27
_m4_tripeptide_LBD_q2,cluster4
aa_proteins_quiz__m4_amino_acids_pool_q1,cluster33
aa_proteins_quiz__m4_amino_acids_pool_q2,cluster4
aa_proteins_quiz__m4_amino_acids_pool_q3,cluster4
aa_proteins_quiz__m4_amino_acids_pool_q4,cluster39
aa_proteins_quiz__m4_amino_acids_pool_q5,cluster17
aa_proteins_quiz__m4_enzymes_pool_q1,cluster41
aa_proteins_quiz__m4_enzymes_pool_q2,cluster46
aa_proteins_quiz__m4_enzymes_pool_q3,cluster41
aa_proteins_quiz__m4_enzymes_pool_q4,cluster2
aa_proteins_quiz__m4_enzymes_pool_q5,cluster52
aa_proteins_quiz__m4_enzymes_pool_q6,cluster41
aa_proteins_quiz__m4_enzymes_pool_q7,cluster41
aa_proteins_quiz__m4_proteins_pool_q1,cluster17
aa_proteins_quiz__m4_proteins_pool_q2,cluster4
aa_proteins_quiz__m4_proteins_pool_q3,cluster17
aa_proteins_quiz__m4_proteins_pool_q4,cluster4
aa_proteins_quiz__m4_proteins_pool_q5,cluster46
aa_proteins_quiz__m4_proteins_pool_q6,cluster5
proteins_oxygen_q1,cluster18
proteins_oxygen_q2,cluster19
proteins_oxygen_q3,cluster28
proteins_oxygen_q4_biomacro_function,cluster42
_m4_antacid_DIGT_q1,cluster52
_m4_enzyme_catalysis_DIGT_q1,cluster41
_m4_enzyme_catalysis_DIGT_q2,cluster60
_m4_enzyme_curve_DIGT_q1,cluster19
_m4_lactose_DIGT_q1,cluster58
_m4_lactose_lactase_DIGT_q1,cluster64
_m4_proteins_antibody_binding_LBD_q1,cluster3
_m4_proteins_antibody_binding_LBD_q2,cluster6
inline_bio_intro_abiotic_characteristics_q1_water,cluster2
inline_bio_intro_abiotic_characteristics_q2_bacteria,cluster32
inline_bio_intro_abiotic_characteristics_q3_glucose,cluster61
inline_bio_intro_abiotic_characteristics_q4_cotton,cluster43
inline_bio_intro_abiotic_characteristics_q5_carbon_dioxide,cluster66
inline_bio_intro_abiotic_characteristics_q6_yogurt,cluster43
inline_bio_intro_abiotic_characteristics_q7_cold_virus,cluster68
inline_bio_intro_virus_abiotic_DIGT_q1_are_viruses_alive,cluster68
inline_bio_intro_virus_characteristic_1v0_qv1_viruses_use_energy,cluster60
inline_bio_intro_virus_characteristic_2v1_qv2_viruses_respond_to_environment,cluster68
inline_bio_intro_virus_characteristic_3v0_qv3_viruses_reproduce_with_DNA,cluster65
inline_bio_intro_virus_characteristic_4v0_qv4_viruses_one_or_more_cells,cluster23
inline_first_emergent_property_level_q1,cluster1
inline_intro_to_bio_DIGT_v1_q1_biology_branches,cluster47
inline_intro_to_bio_DIGT_v1_q2_student_questions,cluster45
inline_levels_of_organization_DIGT_q1_encompassing_level,cluster58
inline_levels_of_organization_DIGT_q2_hamberger,cluster6
inline_levels_of_organization_DIGT_q3,cluster29
intro_biology_intro_quiz_intro_biology_intro_pool_q10,cluster58
intro_biology_intro_quiz_intro_biology_intro_pool_q11,cluster1
intro_biology_intro_quiz_intro_biology_intro_pool_q12_emer_prop,cluster29
intro_biology_intro_quiz_intro_biology_intro_pool_q4,cluster68
intro_biology_intro_quiz_intro_biology_intro_pool_q5,cluster32
intro_biology_intro_quiz_intro_biology_intro_pool_q6,cluster3
intro_biology_intro_quiz_intro_biology_intro_pool_q7,cluster42
intro_biology_intro_quiz_intro_biology_intro_pool_q8,cluster49
intro_biology_intro_quiz_intro_biology_intro_pool_q9,cluster55
control_experimental_lbd_q1,cluster22
control_experimental_lbd_q2,cluster22
fairies_digt_q1,cluster59
hpv_results_lbd_q1,cluster22
hypothesis_yes_no_q1,cluster69
hypothesis_yes_no_q2,cluster7
hypothesis_yes_no_q3,cluster19
hypothesis_yes_no_q4,cluster6
inline_experiment_results_significance_DIGT_q1,cluster6
inline_hpv_experiment_cv_q1_control_variables,cluster22
inline_hpv_experiment_dv_q1_dependent_variable,cluster10
inline_hpv_experiment_hypothesis_q1_hpv_hypo,cluster21
inline_hpv_experiment_iv_q1_indepen_var,cluster10
inline_hpv_experiment_significance_q2_next_question,cluster6
intro_scientific_method_quiz_intro_scientific_method_pool_a2_q2a,cluster21
intro_scientific_method_quiz_intro_scientific_method_pool_q1,cluster22
intro_scientific_method_quiz_intro_scientific_method_pool_q2,cluster22
intro_scientific_method_quiz_intro_scientific_method_pool_q3,cluster10
intro_scientific_method_quiz_intro_scientific_method_pool_q4,cluster6
pseudoscience_lbd_q1,cluster21
pseudoscience_lbd_q2,cluster21
what_is_science_digt2_q2_neurotransmitters,cluster47
what_is_science_submit_q1,cluster47
intro_themes_quiz_intro_themes_pool_q10,cluster1
intro_themes_quiz_intro_themes_pool_q12,cluster49
intro_themes_quiz_intro_themes_pool_q1,cluster3
intro_themes_quiz_intro_themes_pool_q2,cluster49
intro_themes_quiz_intro_themes_pool_q3,cluster23
intro_themes_quiz_intro_themes_pool_q5,cluster1
intro_themes_quiz_intro_themes_pool_q6,cluster30
intro_themes_quiz_intro_themes_pool_q7,cluster6
intro_themes_quiz_intro_themes_pool_q8,cluster21
intro_themes_quiz_intro_themes_pool_q9,cluster30
intro_themes_quiz_qintro_themes_pool_11,cluster47
u1_themes_dandelion_LBD_q1,cluster43
u1_themes_dandelion_LBD_q2,cluster22
u1_themes_dandelion_LBD_q3,cluster59
u1_themes_energy_and_matter_DIGT_q1,cluster55
u1_themes_energy_and_matter_DIGT_q2,cluster9
u1_themes_energy_and_matter_DIGT_q3,cluster9
u1_themes_energy_and_matter_DIGT_q4,cluster60
u1_themes_energy_and_matter_DIGT_q5,cluster51
u1_themes_energy_flow_LBD_q1,cluster60
u1_themes_energy_flow_LBD_q2,cluster60
u1_themes_energy_flow_LBD_q3,cluster60
u1_themes_energy_flow_LBD_q4,cluster60
u1_themes_energy_flow_LBD_q5,cluster32
u1_themes_energy_flow_LBD_q6,cluster60
u1_themes_evolution_DIGT_q1,cluster10
u1_themes_evolution_DIGT_q2,cluster6
u1_themes_evolution_DIGT_q3,cluster16
u1_themes_evolution_DIGT_q4,cluster16
u1_themes_evolution_DIGT_q5,cluster63
u1_themes_evolution_LBD_q1,cluster24
u1_themes_evolution_LBD_q2,cluster16
u1_themes_growth2_DIGT_q1,cluster65
u1_themes_growth2_DIGT_q2,cluster5
u1_themes_heat_energy_LBD_q1,cluster60
u1_themes_homeostasis_human_pH_DIGT_q1,cluster52
u1_themes_interdependence_DIGT_q1,cluster19
u1_themes_interdependence_DIGT_q2,cluster16
u1_themes_nutrients_DIGT_q1,cluster1
u1_themes_nutrients_DIGT_q2,cluster0
u1_themes_nutrients_DIGT_q3,cluster2
u1_themes_nutrients_DIGT_q4,cluster9
u1_themes_nutrients_DIGT_q5,cluster1
u1_themes_nutrients_DIGT_q6,cluster33
u1_themes_struct_func_DIGT_q1,cluster45
u1_themes_struct_func_DIGT_q2,cluster1
u1_themes_struct_func_LBD_q1,cluster6
u1_themes_struct_func_LBD_q2,cluster12
u1_themes_struct_func_LBD_q3,cluster1
u1_themes_struct_func_LBD_q4,cluster12
biochem_carbs_assemble_DIGT_q1,cluster5
biochem_carbs_characteristic_DIGT_q1,cluster58
biochem_carbs_characteristic_DIGT_q2,cluster40
biochem_carbs_dietary_DIGT_q1,cluster60
biochem_carbs_fiber_DIGT_q1,cluster58
biochem_carbs_quiz_biochem_carbs_pool_q2,cluster58
biochem_carbs_quiz_biochem_carbs_pool_q3,cluster6
biochem_carbs_quiz_biochem_carbs_pool_q5,cluster12
biochem_carbs_quiz_biochem_carbs_pool_q6,cluster66
biochem_carbs_quiz_biochem_carbs_pool_q7,cluster58
biochem_carbs_quiz_biochem_carbs_pool_q8,cluster60
biochem_carbs_quiz_biochem_carbs_pool_q9,cluster58
a2_HS-metab_tca_etran_tca_etrans_q0,cluster48
a2_HS-metab_tca_etran_tca_etrans_q1,cluster43
a2_HS-metab_tca_etran_tca_etrans_q3,cluster48
a2_HS-metab_tca_etran_tca_etrans_q4,cluster16
a2_HS-metab_tca_etran_tca_etrans_q5,cluster16
a2_HS-metab_tca_etran_tca_etrans_q6,cluster53
inline_digit-metabolism_etrans_atp_meta_etrans_atp_01,cluster15
inline_digit-metabolism_etrans_atp_meta_etrans_atp_02,cluster15
inline_digit-metabolism_etrans_atp_meta_etrans_atp_03,cluster53
inline_digit-metabolism_etrans_atp_meta_etrans_atp_04,cluster60
inline_digit-metabolism_etrans_atp_meta_etrans_atp_05,cluster60
inline_energy_defined_q1_chem_energy_not,cluster60
inline_energy_defined_q2_energy-def,cluster60
inline_energy_defined_q3_potential_energy_ex,cluster60
inline_energy_flow_q1_energy_form_form_of,cluster60
inline_energy_flow_q2_energy_source_energy,cluster0
inline_energy_flow_q3_energy_transformation_energy,cluster60
inline_energy_photosyn_constructn-blks_q1_photosyn_raw_materials_raw,cluster66
inline_energy_photosyn_constructn-blks_q2_photosyn_energy-source_energy,cluster53
inline_energy_photosyn_constructn-blks_q3_photosyn_product,cluster53
inline_energy_transformation_q1_energy_lost,cluster60
inline_energy_transformation_q2_no_sunlight,cluster9
inline_plants-and-energy_q1,cluster58
atp_build_hotspot1_q1,cluster13
atp_build_hotspot1_q2_ribose,cluster13
atp_build_hotspot1_q3,cluster66
atp_build_hotspot1_q4_phosphate,cluster57
atp_build_hotspot1_q5,cluster22
inline_ATP_ADP_difference_q1_structure_diff,cluster5
inline_atp_components_q1_adenine,cluster40
inline_atp_components_q2_phosphate,cluster22
inline_atp_components_q3_deoxyribose,cluster28
inline_atp_components_q4_guanine,cluster6
inline_atp_components_q4_ribose,cluster40
inline_cellular_work_q1,cluster60
inline_why_hydrolysis_releases_energy_q1_why_hyrdolysis_releases_energy,cluster60
inline_why_hydrolysis_releases_energy_q2_reaction_to_build_ATP,cluster60
inline_why_hydrolysis_releases_energy_q3_why_energy_is_required,cluster60
inline_why_hydrolysis_releases_energy_q4_effect_of_combining_like_charges,cluster6
inline-metab_pathway_types_q1_cell_resp,cluster53
inline-metab_pathway_types_q2_photosynthesis,cluster53
inline-metab_pathway_types_q3_synthesize_starch,cluster61
inline-metab_pathway_types_q4_digest_food_molecules,cluster9
inline-metab_pathway_types_q5_build_complex_products,cluster15
inline-metab_pathway_types_q6_release_energy,cluster60
inline-metab_pathway_types_q7_requires_energy,cluster60
inline-metab_pathway_types_q8_break_down_molecules,cluster42
inline_anabolic_reactions_energy_source_SC_q1_atp_energy_source,cluster60
inline_metab_ac_transfer_ATP_LBD_q1,cluster20
inline_metab_ac_transfer_ATP_LBD_q2,cluster20
inline_metab_ac_transfer_ATP_LBD_q3,cluster20
inline_metab_ac_transfer_ATP_LBD_q4,cluster20
inline_metab_high_energy_molecules_q1_high_energy_molecules,cluster60
inline_metab_high_energy_molecules_q2_energy_source,cluster60
inline_metab_high_energy_molecules_q3_atp,cluster60
inline_metab_high_energy_molecules_q4_energy_reation,cluster60
metab_energy_quiz_metab_energy_pool_part2_q10,cluster59
metab_energy_quiz_metab_energy_pool_part2_q11,cluster17
metab_energy_quiz_metab_energy_pool_part2_q13,cluster61
metab_energy_quiz_metab_energy_pool_part2_q14,cluster66
metab_energy_quiz_metab_energy_pool_part2_q16,cluster17
metab_energy_quiz_metab_energy_pool_part2_q17,cluster58
metab_energy_quiz_metab_energy_pool_part2_q18,cluster60
metab_energy_quiz_metab_energy_pool_part2_q1a,cluster60
metab_energy_quiz_metab_energy_pool_part2_q2,cluster60
metab_energy_quiz_metab_energy_pool_part2_q3,cluster0
metab_energy_quiz_metab_energy_pool_part2_q4,cluster0
metab_energy_quiz_metab_energy_pool_part2_q5,cluster53
metab_energy_quiz_metab_energy_pool_part2_q6,cluster61
metab_energy_quiz_metab_energy_pool_part2_q7a,cluster12
metab_energy_quiz_metab_energy_pool_part2_q9,cluster59
metab_energy_quiz_metab_energy_pool_q10,cluster17
metab_energy_quiz_metab_energy_pool_q11a,cluster60
metab_energy_quiz_metab_energy_pool_q12,cluster60
metab_energy_quiz_metab_energy_pool_q13,cluster50
metab_energy_quiz_metab_energy_pool_q14,cluster9
metab_energy_quiz_metab_energy_pool_q1,cluster60
metab_energy_quiz_metab_energy_pool_q2,cluster60
metab_energy_quiz_metab_energy_pool_q3,cluster60
metab_energy_quiz_metab_energy_pool_q4,cluster60
metab_energy_quiz_metab_energy_pool_q5,cluster60
metab_energy_quiz_metab_energy_pool_q6,cluster60
metab_energy_quiz_metab_energy_pool_q7,cluster60
metab_energy_quiz_metab_energy_pool_q8,cluster59
metab_energy_quiz_metab_energy_pool_q9,cluster58
a2_HS-metab-glycolysis_glycolysis_q0,cluster64
a2_HS-metab-glycolysis_glycolysis_q1,cluster11
a2_HS-metab-glycolysis_glycolysis_q2,cluster11
a2_HS-metab-glycolysis_glycolysis_q3,cluster11
a2_HS-metab-glycolysis_glycolysis_q4,cluster61
a2_HS-metab-glycolysis_glycolysis_q5,cluster23
a2_HS-metab-glycolysis_glycolysis_q6,cluster60
a2_HS-metab-glycolysis_glycolysis_q7,cluster61
a2_HS-metab-glycolysis_glycolysis_q8,cluster34
glycolysis_spontaneous_glycolysis_spontaneity,cluster11
inline_digit-metabolism_glycolysis_metab-glyco_01,cluster11
inline_digit-metabolism_glycolysis_metab-glyco_02,cluster11
inline_digit-metabolism_glycolysis_metab-glyco_03,cluster11
inline_digit-metabolism_glycolysis_metab-glyco_04,cluster11
inline_digit-metabolism_glycolysis_metab-glyco_05,cluster11
inline_digit-metabolism_glycolysis_metab-glyco_06,cluster53
inline_digit-metabolism_tca_metab_tca_01,cluster53
inline_digit-metabolism_tca_metab_tca_02,cluster4
inline_digit-metabolism_tca_metab_tca_03,cluster15
inline_digit-metabolism_tca_metab_tca_04,cluster48
inline_digit-metabolism_tca_metab_tca_05,cluster48
_u3_cells_theory_tenets_DIGT_q1,cluster49
